station_id,fuel_type,tick_of_day,base_liters
station-coxsbazar,DIESEL,0,48.59675925925926
station-coxsbazar,DIESEL,1,48.50244708994709
station-coxsbazar,DIESEL,2,47.571494708994706
station-coxsbazar,DIESEL,3,50.53419312169312
station-coxsbazar,DIESEL,4,49.59973544973544
station-coxsbazar,DIESEL,5,50.24007936507936
station-coxsbazar,DIESEL,6,48.81011904761904
station-coxsbazar,DIESEL,7,48.066600529100526
station-coxsbazar,DIESEL,8,50.03935185185185
station-coxsbazar,DIESEL,9,48.378571428571426
station-coxsbazar,DIESEL,10,49.41130952380952
station-coxsbazar,DIESEL,11,49.74027777777777
station-coxsbazar,DIESEL,12,47.901653439153435
station-coxsbazar,DIESEL,13,48.64576719576719
station-coxsbazar,DIESEL,14,49.32142857142857
station-coxsbazar,DIESEL,15,49.31812169312169
station-coxsbazar,DIESEL,16,48.842261904761905
station-coxsbazar,DIESEL,17,49.37460317460317
station-coxsbazar,DIESEL,18,49.31164021164021
station-coxsbazar,DIESEL,19,49.445436507936506
station-coxsbazar,DIESEL,20,49.39808201058201
station-coxsbazar,DIESEL,21,48.375793650793646
station-coxsbazar,DIESEL,22,47.645701058201055
station-coxsbazar,DIESEL,23,50.71197089947089
station-coxsbazar,DIESEL,24,49.99378306878306
station-coxsbazar,DIESEL,25,49.899404761904755
station-coxsbazar,DIESEL,26,48.45390211640211
station-coxsbazar,DIESEL,27,48.43247354497355
station-coxsbazar,DIESEL,28,89.80588624338624
station-coxsbazar,DIESEL,29,96.79576719576718
station-coxsbazar,DIESEL,30,94.38287037037037
station-coxsbazar,DIESEL,31,96.33220899470898
station-coxsbazar,DIESEL,32,93.99907407407407
station-coxsbazar,DIESEL,33,92.48373015873015
station-coxsbazar,DIESEL,34,91.92037037037036
station-coxsbazar,DIESEL,35,97.50826719576719
station-coxsbazar,DIESEL,36,92.69503968253967
station-coxsbazar,DIESEL,37,94.06236772486773
station-coxsbazar,DIESEL,38,94.02777777777779
station-coxsbazar,DIESEL,39,94.2672619047619
station-coxsbazar,DIESEL,40,94.68895502645502
station-coxsbazar,DIESEL,41,94.34166666666667
station-coxsbazar,DIESEL,42,91.65972222222221
station-coxsbazar,DIESEL,43,91.23882275132276
station-coxsbazar,DIESEL,44,93.97585978835978
station-coxsbazar,DIESEL,45,93.42433862433862
station-coxsbazar,DIESEL,46,97.61157407407407
station-coxsbazar,DIESEL,47,93.56018518518519
station-coxsbazar,DIESEL,48,94.16554232804232
station-coxsbazar,DIESEL,49,96.780291005291
station-coxsbazar,DIESEL,50,91.85297619047618
station-coxsbazar,DIESEL,51,93.4901455026455
station-coxsbazar,DIESEL,52,96.97235449735449
station-coxsbazar,DIESEL,53,90.77744708994707
station-coxsbazar,DIESEL,54,96.40165343915342
station-coxsbazar,DIESEL,55,92.62705026455026
station-coxsbazar,DIESEL,56,93.50033068783068
station-coxsbazar,DIESEL,57,93.62824074074074
station-coxsbazar,DIESEL,58,93.71124338624338
station-coxsbazar,DIESEL,59,93.38650793650793
station-coxsbazar,DIESEL,60,94.82824074074074
station-coxsbazar,DIESEL,61,95.86970899470899
station-coxsbazar,DIESEL,62,95.98875661375662
station-coxsbazar,DIESEL,63,95.81633597883597
station-coxsbazar,DIESEL,64,94.14074074074074
station-coxsbazar,DIESEL,65,96.42989417989418
station-coxsbazar,DIESEL,66,94.17460317460316
station-coxsbazar,DIESEL,67,92.79636243386243
station-coxsbazar,DIESEL,68,93.2954365079365
station-coxsbazar,DIESEL,69,94.73121693121693
station-coxsbazar,DIESEL,70,91.22632275132274
station-coxsbazar,DIESEL,71,94.9308201058201
station-coxsbazar,DIESEL,72,93.1260582010582
station-coxsbazar,DIESEL,73,91.73425925925925
station-coxsbazar,DIESEL,74,95.4359126984127
station-coxsbazar,DIESEL,75,95.03835978835978
station-coxsbazar,DIESEL,76,95.01236772486773
station-coxsbazar,DIESEL,77,93.15873015873015
station-coxsbazar,DIESEL,78,96.52949735449735
station-coxsbazar,DIESEL,79,93.08869047619046
station-coxsbazar,DIESEL,80,93.51719576719576
station-coxsbazar,DIESEL,81,96.08869047619046
station-coxsbazar,DIESEL,82,92.48498677248676
station-coxsbazar,DIESEL,83,93.21362433862433
station-coxsbazar,DIESEL,84,49.231283068783064
station-coxsbazar,DIESEL,85,49.93373015873016
station-coxsbazar,DIESEL,86,49.52691798941799
station-coxsbazar,DIESEL,87,47.729497354497354
station-coxsbazar,DIESEL,88,48.643253968253966
station-coxsbazar,DIESEL,89,48.99623015873016
station-coxsbazar,DIESEL,90,47.55469576719577
station-coxsbazar,DIESEL,91,48.8353835978836
station-coxsbazar,DIESEL,92,48.095833333333324
station-coxsbazar,DIESEL,93,47.60720899470899
station-coxsbazar,DIESEL,94,48.8890873015873
station-coxsbazar,DIESEL,95,47.94246031746031
station-coxsbazar,OCTANE,0,24.824801587301586
station-coxsbazar,OCTANE,1,24.182473544973544
station-coxsbazar,OCTANE,2,24.615211640211637
station-coxsbazar,OCTANE,3,24.0255291005291
station-coxsbazar,OCTANE,4,23.93095238095238
station-coxsbazar,OCTANE,5,23.860383597883594
station-coxsbazar,OCTANE,6,24.537830687830684
station-coxsbazar,OCTANE,7,24.02453703703703
station-coxsbazar,OCTANE,8,24.155357142857138
station-coxsbazar,OCTANE,9,24.128439153439153
station-coxsbazar,OCTANE,10,24.813161375661373
station-coxsbazar,OCTANE,11,24.410912698412695
station-coxsbazar,OCTANE,12,24.204960317460316
station-coxsbazar,OCTANE,13,24.34828042328042
station-coxsbazar,OCTANE,14,24.247222222222224
station-coxsbazar,OCTANE,15,24.66329365079365
station-coxsbazar,OCTANE,16,24.29616402116402
station-coxsbazar,OCTANE,17,24.500793650793646
station-coxsbazar,OCTANE,18,24.167989417989418
station-coxsbazar,OCTANE,19,24.27149470899471
station-coxsbazar,OCTANE,20,23.80132275132275
station-coxsbazar,OCTANE,21,24.75859788359788
station-coxsbazar,OCTANE,22,24.04966931216931
station-coxsbazar,OCTANE,23,24.5922619047619
station-coxsbazar,OCTANE,24,24.328703703703702
station-coxsbazar,OCTANE,25,24.278769841269842
station-coxsbazar,OCTANE,26,24.041534391534388
station-coxsbazar,OCTANE,27,24.773214285714285
station-coxsbazar,OCTANE,28,47.687764550264546
station-coxsbazar,OCTANE,29,46.11792328042328
station-coxsbazar,OCTANE,30,46.730026455026454
station-coxsbazar,OCTANE,31,46.453505291005285
station-coxsbazar,OCTANE,32,47.829166666666666
station-coxsbazar,OCTANE,33,46.7760582010582
station-coxsbazar,OCTANE,34,46.8287037037037
station-coxsbazar,OCTANE,35,47.083399470899465
station-coxsbazar,OCTANE,36,46.96084656084656
station-coxsbazar,OCTANE,37,45.83174603174603
station-coxsbazar,OCTANE,38,47.10892857142857
station-coxsbazar,OCTANE,39,46.43458994708994
station-coxsbazar,OCTANE,40,48.00006613756614
station-coxsbazar,OCTANE,41,45.51388888888888
station-coxsbazar,OCTANE,42,45.356084656084654
station-coxsbazar,OCTANE,43,46.50562169312169
station-coxsbazar,OCTANE,44,46.540476190476184
station-coxsbazar,OCTANE,45,48.208399470899465
station-coxsbazar,OCTANE,46,47.19503968253968
station-coxsbazar,OCTANE,47,46.78326719576719
station-coxsbazar,OCTANE,48,47.606283068783064
station-coxsbazar,OCTANE,49,46.21018518518518
station-coxsbazar,OCTANE,50,45.048875661375654
station-coxsbazar,OCTANE,51,46.01170634920635
station-coxsbazar,OCTANE,52,46.822685185185186
station-coxsbazar,OCTANE,53,47.11812169312169
station-coxsbazar,OCTANE,54,46.83974867724867
station-coxsbazar,OCTANE,55,46.94523809523809
station-coxsbazar,OCTANE,56,45.33816137566138
station-coxsbazar,OCTANE,57,45.983333333333334
station-coxsbazar,OCTANE,58,46.32387566137566
station-coxsbazar,OCTANE,59,46.292195767195764
station-coxsbazar,OCTANE,60,48.100462962962965
station-coxsbazar,OCTANE,61,46.792791005291
station-coxsbazar,OCTANE,62,45.997685185185176
station-coxsbazar,OCTANE,63,45.652314814814815
station-coxsbazar,OCTANE,64,47.84596560846561
station-coxsbazar,OCTANE,65,46.59027777777777
station-coxsbazar,OCTANE,66,46.99246031746031
station-coxsbazar,OCTANE,67,46.98101851851851
station-coxsbazar,OCTANE,68,47.57791005291005
station-coxsbazar,OCTANE,69,47.06084656084655
station-coxsbazar,OCTANE,70,47.1077380952381
station-coxsbazar,OCTANE,71,47.066931216931216
station-coxsbazar,OCTANE,72,46.239484126984124
station-coxsbazar,OCTANE,73,47.65013227513227
station-coxsbazar,OCTANE,74,46.605753968253964
station-coxsbazar,OCTANE,75,47.89821428571428
station-coxsbazar,OCTANE,76,46.95324074074074
station-coxsbazar,OCTANE,77,46.953505291005285
station-coxsbazar,OCTANE,78,48.016865079365076
station-coxsbazar,OCTANE,79,47.91818783068783
station-coxsbazar,OCTANE,80,47.43869047619047
station-coxsbazar,OCTANE,81,47.1063492063492
station-coxsbazar,OCTANE,82,46.821891534391526
station-coxsbazar,OCTANE,83,46.02738095238095
station-coxsbazar,OCTANE,84,23.65793650793651
station-coxsbazar,OCTANE,85,25.191335978835976
station-coxsbazar,OCTANE,86,24.34583333333333
station-coxsbazar,OCTANE,87,24.45892857142857
station-coxsbazar,OCTANE,88,24.56269841269841
station-coxsbazar,OCTANE,89,25.484060846560848
station-coxsbazar,OCTANE,90,24.06818783068783
station-coxsbazar,OCTANE,91,23.920105820105817
station-coxsbazar,OCTANE,92,24.50945767195767
station-coxsbazar,OCTANE,93,23.533664021164018
station-coxsbazar,OCTANE,94,24.599735449735448
station-coxsbazar,OCTANE,95,24.41838624338624
station-coxsbazar,PETROL,0,50.57513227513227
station-coxsbazar,PETROL,1,52.15925925925926
station-coxsbazar,PETROL,2,52.039021164021165
station-coxsbazar,PETROL,3,52.59431216931216
station-coxsbazar,PETROL,4,51.045833333333334
station-coxsbazar,PETROL,5,51.0662037037037
station-coxsbazar,PETROL,6,52.1901455026455
station-coxsbazar,PETROL,7,54.537367724867714
station-coxsbazar,PETROL,8,52.35006613756614
station-coxsbazar,PETROL,9,51.545634920634924
station-coxsbazar,PETROL,10,51.17638888888889
station-coxsbazar,PETROL,11,51.99814814814814
station-coxsbazar,PETROL,12,50.413690476190474
station-coxsbazar,PETROL,13,51.44351851851851
station-coxsbazar,PETROL,14,50.49272486772487
station-coxsbazar,PETROL,15,51.703505291005285
station-coxsbazar,PETROL,16,50.9026455026455
station-coxsbazar,PETROL,17,52.27050264550264
station-coxsbazar,PETROL,18,52.589814814814815
station-coxsbazar,PETROL,19,50.71164021164021
station-coxsbazar,PETROL,20,53.26468253968254
station-coxsbazar,PETROL,21,51.364153439153434
station-coxsbazar,PETROL,22,52.01871693121693
station-coxsbazar,PETROL,23,51.83465608465608
station-coxsbazar,PETROL,24,50.43809523809524
station-coxsbazar,PETROL,25,49.8547619047619
station-coxsbazar,PETROL,26,50.80985449735449
station-coxsbazar,PETROL,27,51.654761904761905
station-coxsbazar,PETROL,28,101.25972222222221
station-coxsbazar,PETROL,29,99.05357142857143
station-coxsbazar,PETROL,30,97.5565476190476
station-coxsbazar,PETROL,31,98.17202380952381
station-coxsbazar,PETROL,32,100.84107142857142
station-coxsbazar,PETROL,33,99.90390211640212
station-coxsbazar,PETROL,34,96.79583333333333
station-coxsbazar,PETROL,35,99.31673280423281
station-coxsbazar,PETROL,36,98.44146825396824
station-coxsbazar,PETROL,37,97.72883597883597
station-coxsbazar,PETROL,38,100.09629629629629
station-coxsbazar,PETROL,39,97.2042328042328
station-coxsbazar,PETROL,40,96.74007936507937
station-coxsbazar,PETROL,41,97.90886243386242
station-coxsbazar,PETROL,42,101.92718253968253
station-coxsbazar,PETROL,43,99.12083333333332
station-coxsbazar,PETROL,44,99.39775132275132
station-coxsbazar,PETROL,45,98.02427248677247
station-coxsbazar,PETROL,46,98.49609788359787
station-coxsbazar,PETROL,47,97.61845238095238
station-coxsbazar,PETROL,48,95.96302910052908
station-coxsbazar,PETROL,49,98.78386243386242
station-coxsbazar,PETROL,50,99.82969576719576
station-coxsbazar,PETROL,51,97.1385582010582
station-coxsbazar,PETROL,52,97.91997354497354
station-coxsbazar,PETROL,53,100.37817460317459
station-coxsbazar,PETROL,54,99.93763227513227
station-coxsbazar,PETROL,55,99.25046296296296
station-coxsbazar,PETROL,56,96.77764550264548
station-coxsbazar,PETROL,57,96.36382275132276
station-coxsbazar,PETROL,58,98.48855820105818
station-coxsbazar,PETROL,59,97.59748677248676
station-coxsbazar,PETROL,60,101.615873015873
station-coxsbazar,PETROL,61,100.32579365079366
station-coxsbazar,PETROL,62,98.73346560846561
station-coxsbazar,PETROL,63,97.1396164021164
station-coxsbazar,PETROL,64,99.82334656084655
station-coxsbazar,PETROL,65,98.0755291005291
station-coxsbazar,PETROL,66,100.21607142857142
station-coxsbazar,PETROL,67,98.42791005291005
station-coxsbazar,PETROL,68,100.65138888888887
station-coxsbazar,PETROL,69,99.43769841269841
station-coxsbazar,PETROL,70,99.21845238095237
station-coxsbazar,PETROL,71,99.27791005291006
station-coxsbazar,PETROL,72,99.4137566137566
station-coxsbazar,PETROL,73,98.61044973544973
station-coxsbazar,PETROL,74,101.67268518518517
station-coxsbazar,PETROL,75,99.12751322751322
station-coxsbazar,PETROL,76,98.94708994708994
station-coxsbazar,PETROL,77,100.0866402116402
station-coxsbazar,PETROL,78,101.54411375661375
station-coxsbazar,PETROL,79,97.80575396825397
station-coxsbazar,PETROL,80,97.30291005291005
station-coxsbazar,PETROL,81,101.08326719576719
station-coxsbazar,PETROL,82,98.83551587301586
station-coxsbazar,PETROL,83,99.74074074074073
station-coxsbazar,PETROL,84,50.583399470899465
station-coxsbazar,PETROL,85,50.185185185185176
station-coxsbazar,PETROL,86,51.14768518518518
station-coxsbazar,PETROL,87,51.15443121693121
station-coxsbazar,PETROL,88,51.25661375661375
station-coxsbazar,PETROL,89,51.64576719576719
station-coxsbazar,PETROL,90,51.51117724867725
station-coxsbazar,PETROL,91,51.11580687830688
station-coxsbazar,PETROL,92,51.99470899470899
station-coxsbazar,PETROL,93,51.54768518518518
station-coxsbazar,PETROL,94,52.45548941798942
station-coxsbazar,PETROL,95,52.72023809523809
station-karnaphuli,DIESEL,0,80.27208994708994
station-karnaphuli,DIESEL,1,82.47705026455026
station-karnaphuli,DIESEL,2,80.56104497354497
station-karnaphuli,DIESEL,3,83.2744708994709
station-karnaphuli,DIESEL,4,81.81818783068783
station-karnaphuli,DIESEL,5,83.86375661375662
station-karnaphuli,DIESEL,6,78.74272486772486
station-karnaphuli,DIESEL,7,82.09927248677249
station-karnaphuli,DIESEL,8,81.44682539682539
station-karnaphuli,DIESEL,9,84.73082010582009
station-karnaphuli,DIESEL,10,80.01653439153438
station-karnaphuli,DIESEL,11,81.53809523809524
station-karnaphuli,DIESEL,12,83.60416666666666
station-karnaphuli,DIESEL,13,81.69338624338624
station-karnaphuli,DIESEL,14,81.71984126984127
station-karnaphuli,DIESEL,15,81.24907407407407
station-karnaphuli,DIESEL,16,79.80205026455026
station-karnaphuli,DIESEL,17,79.92824074074075
station-karnaphuli,DIESEL,18,79.70482804232803
station-karnaphuli,DIESEL,19,83.62665343915343
station-karnaphuli,DIESEL,20,82.10588624338625
station-karnaphuli,DIESEL,21,78.97619047619047
station-karnaphuli,DIESEL,22,82.84027777777779
station-karnaphuli,DIESEL,23,83.80978835978836
station-karnaphuli,DIESEL,24,148.56283068783068
station-karnaphuli,DIESEL,25,145.28544973544973
station-karnaphuli,DIESEL,26,152.63075396825394
station-karnaphuli,DIESEL,27,149.4688492063492
station-karnaphuli,DIESEL,28,149.37486772486773
station-karnaphuli,DIESEL,29,145.8982804232804
station-karnaphuli,DIESEL,30,148.1662037037037
station-karnaphuli,DIESEL,31,147.98902116402115
station-karnaphuli,DIESEL,32,148.88062169312167
station-karnaphuli,DIESEL,33,146.84411375661375
station-karnaphuli,DIESEL,34,144.98690476190475
station-karnaphuli,DIESEL,35,151.3738095238095
station-karnaphuli,DIESEL,36,145.6477513227513
station-karnaphuli,DIESEL,37,144.89708994708994
station-karnaphuli,DIESEL,38,147.92208994708994
station-karnaphuli,DIESEL,39,148.49973544973545
station-karnaphuli,DIESEL,40,80.74338624338624
station-karnaphuli,DIESEL,41,82.603373015873
station-karnaphuli,DIESEL,42,81.37705026455026
station-karnaphuli,DIESEL,43,81.71607142857142
station-karnaphuli,DIESEL,44,83.558664021164
station-karnaphuli,DIESEL,45,81.99589947089946
station-karnaphuli,DIESEL,46,79.42017195767195
station-karnaphuli,DIESEL,47,79.93412698412699
station-karnaphuli,DIESEL,48,83.0797619047619
station-karnaphuli,DIESEL,49,81.55079365079364
station-karnaphuli,DIESEL,50,80.66051587301585
station-karnaphuli,DIESEL,51,81.46607142857142
station-karnaphuli,DIESEL,52,80.97089947089947
station-karnaphuli,DIESEL,53,80.79748677248676
station-karnaphuli,DIESEL,54,83.24887566137566
station-karnaphuli,DIESEL,55,79.05813492063491
station-karnaphuli,DIESEL,56,82.71911375661375
station-karnaphuli,DIESEL,57,81.89563492063492
station-karnaphuli,DIESEL,58,82.3023148148148
station-karnaphuli,DIESEL,59,82.25324074074074
station-karnaphuli,DIESEL,60,80.44874338624338
station-karnaphuli,DIESEL,61,80.27123015873016
station-karnaphuli,DIESEL,62,80.47652116402115
station-karnaphuli,DIESEL,63,82.32916666666667
station-karnaphuli,DIESEL,64,145.57268518518518
station-karnaphuli,DIESEL,65,147.39318783068782
station-karnaphuli,DIESEL,66,144.623082010582
station-karnaphuli,DIESEL,67,150.44669312169313
station-karnaphuli,DIESEL,68,148.27645502645504
station-karnaphuli,DIESEL,69,146.7406746031746
station-karnaphuli,DIESEL,70,152.8681216931217
station-karnaphuli,DIESEL,71,153.77830687830686
station-karnaphuli,DIESEL,72,153.30529100529102
station-karnaphuli,DIESEL,73,146.9188492063492
station-karnaphuli,DIESEL,74,147.94292328042326
station-karnaphuli,DIESEL,75,145.10271164021165
station-karnaphuli,DIESEL,76,146.65661375661375
station-karnaphuli,DIESEL,77,144.66382275132273
station-karnaphuli,DIESEL,78,144.97883597883597
station-karnaphuli,DIESEL,79,149.46560846560845
station-karnaphuli,DIESEL,80,145.6417328042328
station-karnaphuli,DIESEL,81,147.90198412698413
station-karnaphuli,DIESEL,82,143.27982804232803
station-karnaphuli,DIESEL,83,143.98776455026453
station-karnaphuli,DIESEL,84,83.11435185185185
station-karnaphuli,DIESEL,85,81.00681216931217
station-karnaphuli,DIESEL,86,82.38339947089946
station-karnaphuli,DIESEL,87,83.27949735449735
station-karnaphuli,DIESEL,88,82.40416666666667
station-karnaphuli,DIESEL,89,80.96223544973545
station-karnaphuli,DIESEL,90,81.12929894179895
station-karnaphuli,DIESEL,91,81.74464285714285
station-karnaphuli,DIESEL,92,80.69537037037037
station-karnaphuli,DIESEL,93,80.84146825396826
station-karnaphuli,DIESEL,94,82.50681216931217
station-karnaphuli,DIESEL,95,82.03472222222221
station-karnaphuli,OCTANE,0,47.71613756613756
station-karnaphuli,OCTANE,1,48.95482804232804
station-karnaphuli,OCTANE,2,47.77943121693121
station-karnaphuli,OCTANE,3,49.263558201058196
station-karnaphuli,OCTANE,4,47.531150793650795
station-karnaphuli,OCTANE,5,48.78148148148148
station-karnaphuli,OCTANE,6,49.40575396825397
station-karnaphuli,OCTANE,7,49.506878306878306
station-karnaphuli,OCTANE,8,48.54960317460317
station-karnaphuli,OCTANE,9,48.14199735449735
station-karnaphuli,OCTANE,10,48.719907407407405
station-karnaphuli,OCTANE,11,48.254629629629626
station-karnaphuli,OCTANE,12,46.04742063492063
station-karnaphuli,OCTANE,13,48.68439153439153
station-karnaphuli,OCTANE,14,47.84656084656085
station-karnaphuli,OCTANE,15,47.147222222222226
station-karnaphuli,OCTANE,16,48.6834656084656
station-karnaphuli,OCTANE,17,47.05410052910053
station-karnaphuli,OCTANE,18,47.316798941798936
station-karnaphuli,OCTANE,19,48.281349206349205
station-karnaphuli,OCTANE,20,48.87010582010582
station-karnaphuli,OCTANE,21,49.07857142857142
station-karnaphuli,OCTANE,22,47.61957671957672
station-karnaphuli,OCTANE,23,48.794312169312164
station-karnaphuli,OCTANE,24,86.91884920634921
station-karnaphuli,OCTANE,25,90.60066137566137
station-karnaphuli,OCTANE,26,85.03432539682538
station-karnaphuli,OCTANE,27,86.10588624338625
station-karnaphuli,OCTANE,28,88.8660052910053
station-karnaphuli,OCTANE,29,85.8760582010582
station-karnaphuli,OCTANE,30,87.29814814814814
station-karnaphuli,OCTANE,31,89.77275132275132
station-karnaphuli,OCTANE,32,86.45
station-karnaphuli,OCTANE,33,87.00608465608465
station-karnaphuli,OCTANE,34,87.3464947089947
station-karnaphuli,OCTANE,35,88.60542328042327
station-karnaphuli,OCTANE,36,87.84576719576718
station-karnaphuli,OCTANE,37,87.16097883597884
station-karnaphuli,OCTANE,38,85.80833333333332
station-karnaphuli,OCTANE,39,88.06276455026455
station-karnaphuli,OCTANE,40,47.295833333333334
station-karnaphuli,OCTANE,41,47.323941798941796
station-karnaphuli,OCTANE,42,47.518915343915346
station-karnaphuli,OCTANE,43,49.095304232804224
station-karnaphuli,OCTANE,44,49.17347883597883
station-karnaphuli,OCTANE,45,49.50965608465608
station-karnaphuli,OCTANE,46,47.91256613756614
station-karnaphuli,OCTANE,47,48.9901455026455
station-karnaphuli,OCTANE,48,46.571164021164016
station-karnaphuli,OCTANE,49,46.76779100529101
station-karnaphuli,OCTANE,50,49.4364417989418
station-karnaphuli,OCTANE,51,47.335846560846555
station-karnaphuli,OCTANE,52,49.10456349206349
station-karnaphuli,OCTANE,53,49.16521164021164
station-karnaphuli,OCTANE,54,48.80515873015872
station-karnaphuli,OCTANE,55,48.2093253968254
station-karnaphuli,OCTANE,56,48.72903439153439
station-karnaphuli,OCTANE,57,49.1850529100529
station-karnaphuli,OCTANE,58,49.776653439153435
station-karnaphuli,OCTANE,59,47.88392857142857
station-karnaphuli,OCTANE,60,49.42341269841269
station-karnaphuli,OCTANE,61,48.51699735449735
station-karnaphuli,OCTANE,62,48.8191798941799
station-karnaphuli,OCTANE,63,49.86005291005291
station-karnaphuli,OCTANE,64,88.96541005291006
station-karnaphuli,OCTANE,65,87.4951058201058
station-karnaphuli,OCTANE,66,86.29265873015872
station-karnaphuli,OCTANE,67,85.55509259259259
station-karnaphuli,OCTANE,68,87.9294312169312
station-karnaphuli,OCTANE,69,83.53611111111111
station-karnaphuli,OCTANE,70,86.68584656084656
station-karnaphuli,OCTANE,71,85.55621693121692
station-karnaphuli,OCTANE,72,85.13194444444444
station-karnaphuli,OCTANE,73,85.3299603174603
station-karnaphuli,OCTANE,74,87.54074074074073
station-karnaphuli,OCTANE,75,89.69199735449736
station-karnaphuli,OCTANE,76,87.17308201058201
station-karnaphuli,OCTANE,77,87.37169312169313
station-karnaphuli,OCTANE,78,87.22427248677249
station-karnaphuli,OCTANE,79,87.36858465608465
station-karnaphuli,OCTANE,80,86.33921957671957
station-karnaphuli,OCTANE,81,88.70039682539682
station-karnaphuli,OCTANE,82,88.01825396825396
station-karnaphuli,OCTANE,83,87.49649470899472
station-karnaphuli,OCTANE,84,48.82347883597883
station-karnaphuli,OCTANE,85,49.480224867724864
station-karnaphuli,OCTANE,86,49.46025132275132
station-karnaphuli,OCTANE,87,48.71269841269841
station-karnaphuli,OCTANE,88,47.30972222222222
station-karnaphuli,OCTANE,89,48.528042328042325
station-karnaphuli,OCTANE,90,47.574470899470896
station-karnaphuli,OCTANE,91,48.45720899470899
station-karnaphuli,OCTANE,92,49.931878306878296
station-karnaphuli,OCTANE,93,50.143386243386246
station-karnaphuli,OCTANE,94,47.00734126984127
station-karnaphuli,OCTANE,95,48.16183862433862
station-karnaphuli,PETROL,0,83.52208994708995
station-karnaphuli,PETROL,1,86.98842592592591
station-karnaphuli,PETROL,2,88.49900793650794
station-karnaphuli,PETROL,3,83.4361111111111
station-karnaphuli,PETROL,4,89.10839947089947
station-karnaphuli,PETROL,5,86.75291005291004
station-karnaphuli,PETROL,6,84.24464285714285
station-karnaphuli,PETROL,7,83.64199735449735
station-karnaphuli,PETROL,8,86.1609126984127
station-karnaphuli,PETROL,9,87.33234126984125
station-karnaphuli,PETROL,10,84.41051587301588
station-karnaphuli,PETROL,11,86.07876984126983
station-karnaphuli,PETROL,12,87.64503968253969
station-karnaphuli,PETROL,13,86.81137566137566
station-karnaphuli,PETROL,14,85.35853174603174
station-karnaphuli,PETROL,15,83.85859788359788
station-karnaphuli,PETROL,16,83.99914021164021
station-karnaphuli,PETROL,17,84.61369047619048
station-karnaphuli,PETROL,18,86.91474867724867
station-karnaphuli,PETROL,19,86.9343253968254
station-karnaphuli,PETROL,20,86.20667989417989
station-karnaphuli,PETROL,21,85.95403439153439
station-karnaphuli,PETROL,22,85.72460317460317
station-karnaphuli,PETROL,23,88.39537037037037
station-karnaphuli,PETROL,24,150.71170634920637
station-karnaphuli,PETROL,25,154.47744708994705
station-karnaphuli,PETROL,26,154.75925925925927
station-karnaphuli,PETROL,27,154.9656746031746
station-karnaphuli,PETROL,28,153.44556878306875
station-karnaphuli,PETROL,29,151.56236772486773
station-karnaphuli,PETROL,30,153.54715608465608
station-karnaphuli,PETROL,31,155.72215608465606
station-karnaphuli,PETROL,32,152.32043650793648
station-karnaphuli,PETROL,33,150.9375
station-karnaphuli,PETROL,34,157.00370370370368
station-karnaphuli,PETROL,35,157.43531746031746
station-karnaphuli,PETROL,36,149.83465608465607
station-karnaphuli,PETROL,37,156.27030423280422
station-karnaphuli,PETROL,38,155.74464285714285
station-karnaphuli,PETROL,39,150.9246693121693
station-karnaphuli,PETROL,40,85.08505291005291
station-karnaphuli,PETROL,41,85.5959656084656
station-karnaphuli,PETROL,42,84.83948412698412
station-karnaphuli,PETROL,43,84.56044973544974
station-karnaphuli,PETROL,44,88.44953703703702
station-karnaphuli,PETROL,45,86.88260582010582
station-karnaphuli,PETROL,46,85.61772486772486
station-karnaphuli,PETROL,47,84.94014550264549
station-karnaphuli,PETROL,48,86.22063492063491
station-karnaphuli,PETROL,49,86.88260582010581
station-karnaphuli,PETROL,50,85.81792328042329
station-karnaphuli,PETROL,51,86.79080687830687
station-karnaphuli,PETROL,52,85.63002645502645
station-karnaphuli,PETROL,53,84.24074074074073
station-karnaphuli,PETROL,54,85.87162698412699
station-karnaphuli,PETROL,55,86.73009259259258
station-karnaphuli,PETROL,56,86.75310846560845
station-karnaphuli,PETROL,57,86.58604497354497
station-karnaphuli,PETROL,58,86.01283068783069
station-karnaphuli,PETROL,59,83.89093915343915
station-karnaphuli,PETROL,60,87.99378306878306
station-karnaphuli,PETROL,61,83.40998677248676
station-karnaphuli,PETROL,62,84.9771164021164
station-karnaphuli,PETROL,63,89.43981481481481
station-karnaphuli,PETROL,64,152.4600529100529
station-karnaphuli,PETROL,65,155.480291005291
station-karnaphuli,PETROL,66,156.30489417989415
station-karnaphuli,PETROL,67,152.26593915343915
station-karnaphuli,PETROL,68,155.7272486772487
station-karnaphuli,PETROL,69,154.25
station-karnaphuli,PETROL,70,160.22407407407405
station-karnaphuli,PETROL,71,153.9172619047619
station-karnaphuli,PETROL,72,152.858664021164
station-karnaphuli,PETROL,73,156.76871693121691
station-karnaphuli,PETROL,74,149.59993386243386
station-karnaphuli,PETROL,75,154.67850529100528
station-karnaphuli,PETROL,76,145.8820767195767
station-karnaphuli,PETROL,77,158.06137566137565
station-karnaphuli,PETROL,78,149.46660052910053
station-karnaphuli,PETROL,79,155.3818783068783
station-karnaphuli,PETROL,80,157.57275132275132
station-karnaphuli,PETROL,81,160.4042328042328
station-karnaphuli,PETROL,82,157.0539021164021
station-karnaphuli,PETROL,83,154.86183862433862
station-karnaphuli,PETROL,84,86.11898148148147
station-karnaphuli,PETROL,85,85.85059523809524
station-karnaphuli,PETROL,86,87.64093915343915
station-karnaphuli,PETROL,87,87.5313492063492
station-karnaphuli,PETROL,88,82.19239417989418
station-karnaphuli,PETROL,89,89.46309523809524
station-karnaphuli,PETROL,90,83.77037037037037
station-karnaphuli,PETROL,91,83.4449074074074
station-karnaphuli,PETROL,92,87.19259259259259
station-karnaphuli,PETROL,93,84.97453703703704
station-karnaphuli,PETROL,94,85.65224867724866
station-karnaphuli,PETROL,95,88.83300264550265
station-mirpur,DIESEL,0,61.24471428571429
station-mirpur,DIESEL,1,64.05142857142857
station-mirpur,DIESEL,2,61.29035714285714
station-mirpur,DIESEL,3,64.12271428571428
station-mirpur,DIESEL,4,62.74785714285714
station-mirpur,DIESEL,5,61.80614285714285
station-mirpur,DIESEL,6,61.58721428571429
station-mirpur,DIESEL,7,61.97521428571429
station-mirpur,DIESEL,8,62.250071428571424
station-mirpur,DIESEL,9,61.711642857142856
station-mirpur,DIESEL,10,60.36521428571429
station-mirpur,DIESEL,11,62.463928571428575
station-mirpur,DIESEL,12,61.17885714285715
station-mirpur,DIESEL,13,60.96364285714286
station-mirpur,DIESEL,14,60.39192857142857
station-mirpur,DIESEL,15,61.918642857142856
station-mirpur,DIESEL,16,61.934571428571424
station-mirpur,DIESEL,17,61.59564285714286
station-mirpur,DIESEL,18,62.336357142857146
station-mirpur,DIESEL,19,61.798
station-mirpur,DIESEL,20,63.50757142857143
station-mirpur,DIESEL,21,63.76571428571429
station-mirpur,DIESEL,22,63.09257142857143
station-mirpur,DIESEL,23,62.407357142857144
station-mirpur,DIESEL,24,61.079571428571434
station-mirpur,DIESEL,25,62.550285714285714
station-mirpur,DIESEL,26,61.43228571428572
station-mirpur,DIESEL,27,63.72428571428571
station-mirpur,DIESEL,28,130.57128571428572
station-mirpur,DIESEL,29,127.3827857142857
station-mirpur,DIESEL,30,127.05600000000001
station-mirpur,DIESEL,31,127.31135714285713
station-mirpur,DIESEL,32,127.24692857142857
station-mirpur,DIESEL,33,125.03385714285714
station-mirpur,DIESEL,34,130.18742857142857
station-mirpur,DIESEL,35,129.69628571428572
station-mirpur,DIESEL,36,128.1437857142857
station-mirpur,DIESEL,37,128.51014285714285
station-mirpur,DIESEL,38,128.48771428571428
station-mirpur,DIESEL,39,129.56264285714286
station-mirpur,DIESEL,40,62.97714285714285
station-mirpur,DIESEL,41,62.72421428571429
station-mirpur,DIESEL,42,62.092357142857146
station-mirpur,DIESEL,43,62.439571428571426
station-mirpur,DIESEL,44,62.135714285714286
station-mirpur,DIESEL,45,60.04557142857143
station-mirpur,DIESEL,46,63.22692857142857
station-mirpur,DIESEL,47,60.64935714285714
station-mirpur,DIESEL,48,61.17264285714286
station-mirpur,DIESEL,49,62.95842857142857
station-mirpur,DIESEL,50,62.95578571428571
station-mirpur,DIESEL,51,62.30157142857143
station-mirpur,DIESEL,52,60.802214285714285
station-mirpur,DIESEL,53,63.33257142857143
station-mirpur,DIESEL,54,63.08857142857143
station-mirpur,DIESEL,55,62.04978571428571
station-mirpur,DIESEL,56,62.702714285714286
station-mirpur,DIESEL,57,62.17185714285715
station-mirpur,DIESEL,58,62.79664285714286
station-mirpur,DIESEL,59,59.88514285714286
station-mirpur,DIESEL,60,61.27021428571429
station-mirpur,DIESEL,61,62.45092857142857
station-mirpur,DIESEL,62,61.54385714285714
station-mirpur,DIESEL,63,61.93564285714285
station-mirpur,DIESEL,64,128.35271428571428
station-mirpur,DIESEL,65,129.61914285714286
station-mirpur,DIESEL,66,127.73492857142857
station-mirpur,DIESEL,67,130.29492857142856
station-mirpur,DIESEL,68,130.09642857142856
station-mirpur,DIESEL,69,130.09021428571427
station-mirpur,DIESEL,70,130.144
station-mirpur,DIESEL,71,129.9865
station-mirpur,DIESEL,72,128.96007142857144
station-mirpur,DIESEL,73,128.93935714285715
station-mirpur,DIESEL,74,126.81242857142857
station-mirpur,DIESEL,75,128.69985714285716
station-mirpur,DIESEL,76,127.86528571428572
station-mirpur,DIESEL,77,127.047
station-mirpur,DIESEL,78,129.905
station-mirpur,DIESEL,79,130.15157142857143
station-mirpur,DIESEL,80,127.00957142857143
station-mirpur,DIESEL,81,131.497
station-mirpur,DIESEL,82,132.77564285714286
station-mirpur,DIESEL,83,127.88442857142857
station-mirpur,DIESEL,84,59.906
station-mirpur,DIESEL,85,64.48471428571428
station-mirpur,DIESEL,86,61.24342857142857
station-mirpur,DIESEL,87,62.94528571428572
station-mirpur,DIESEL,88,59.793
station-mirpur,DIESEL,89,59.71642857142857
station-mirpur,DIESEL,90,59.88314285714286
station-mirpur,DIESEL,91,61.62014285714286
station-mirpur,DIESEL,92,60.3765
station-mirpur,DIESEL,93,62.363214285714285
station-mirpur,DIESEL,94,61.735571428571426
station-mirpur,DIESEL,95,62.57064285714286
station-mirpur,OCTANE,0,39.38457142857143
station-mirpur,OCTANE,1,40.54078571428572
station-mirpur,OCTANE,2,40.324714285714286
station-mirpur,OCTANE,3,41.66535714285715
station-mirpur,OCTANE,4,39.20807142857143
station-mirpur,OCTANE,5,39.93264285714286
station-mirpur,OCTANE,6,41.43364285714286
station-mirpur,OCTANE,7,41.157642857142854
station-mirpur,OCTANE,8,40.168642857142856
station-mirpur,OCTANE,9,41.046
station-mirpur,OCTANE,10,39.76721428571428
station-mirpur,OCTANE,11,39.97864285714286
station-mirpur,OCTANE,12,40.12235714285714
station-mirpur,OCTANE,13,41.555071428571424
station-mirpur,OCTANE,14,41.94428571428572
station-mirpur,OCTANE,15,40.25935714285714
station-mirpur,OCTANE,16,41.086214285714284
station-mirpur,OCTANE,17,41.19
station-mirpur,OCTANE,18,41.10485714285714
station-mirpur,OCTANE,19,40.18864285714285
station-mirpur,OCTANE,20,40.71435714285714
station-mirpur,OCTANE,21,41.78557142857143
station-mirpur,OCTANE,22,41.6305
station-mirpur,OCTANE,23,40.28807142857143
station-mirpur,OCTANE,24,40.26164285714286
station-mirpur,OCTANE,25,40.80471428571428
station-mirpur,OCTANE,26,40.93057142857143
station-mirpur,OCTANE,27,40.81807142857143
station-mirpur,OCTANE,28,84.15235714285714
station-mirpur,OCTANE,29,83.86471428571429
station-mirpur,OCTANE,30,83.17257142857143
station-mirpur,OCTANE,31,85.93014285714285
station-mirpur,OCTANE,32,85.13092857142858
station-mirpur,OCTANE,33,85.88528571428571
station-mirpur,OCTANE,34,83.82385714285715
station-mirpur,OCTANE,35,83.89649999999999
station-mirpur,OCTANE,36,82.88714285714286
station-mirpur,OCTANE,37,84.6797142857143
station-mirpur,OCTANE,38,82.40907142857144
station-mirpur,OCTANE,39,82.59678571428572
station-mirpur,OCTANE,40,40.345928571428566
station-mirpur,OCTANE,41,41.4465
station-mirpur,OCTANE,42,41.145357142857144
station-mirpur,OCTANE,43,41.704
station-mirpur,OCTANE,44,40.87171428571428
station-mirpur,OCTANE,45,40.34092857142857
station-mirpur,OCTANE,46,41.07185714285714
station-mirpur,OCTANE,47,42.693285714285715
station-mirpur,OCTANE,48,42.13392857142857
station-mirpur,OCTANE,49,39.379571428571424
station-mirpur,OCTANE,50,40.869214285714285
station-mirpur,OCTANE,51,41.61828571428571
station-mirpur,OCTANE,52,41.01414285714286
station-mirpur,OCTANE,53,40.58614285714286
station-mirpur,OCTANE,54,40.55864285714286
station-mirpur,OCTANE,55,41.39757142857143
station-mirpur,OCTANE,56,40.265142857142855
station-mirpur,OCTANE,57,40.145857142857146
station-mirpur,OCTANE,58,41.42635714285715
station-mirpur,OCTANE,59,40.815714285714286
station-mirpur,OCTANE,60,41.375499999999995
station-mirpur,OCTANE,61,40.99464285714286
station-mirpur,OCTANE,62,40.40235714285715
station-mirpur,OCTANE,63,41.025214285714284
station-mirpur,OCTANE,64,85.83757142857144
station-mirpur,OCTANE,65,82.434
station-mirpur,OCTANE,66,85.3115
station-mirpur,OCTANE,67,84.59085714285713
station-mirpur,OCTANE,68,83.22607142857143
station-mirpur,OCTANE,69,85.95821428571428
station-mirpur,OCTANE,70,82.619
station-mirpur,OCTANE,71,82.72014285714286
station-mirpur,OCTANE,72,85.56892857142857
station-mirpur,OCTANE,73,84.74857142857142
station-mirpur,OCTANE,74,85.40478571428571
station-mirpur,OCTANE,75,83.9412142857143
station-mirpur,OCTANE,76,84.4587142857143
station-mirpur,OCTANE,77,84.63507142857144
station-mirpur,OCTANE,78,84.43471428571429
station-mirpur,OCTANE,79,84.67835714285715
station-mirpur,OCTANE,80,86.84921428571428
station-mirpur,OCTANE,81,83.77214285714285
station-mirpur,OCTANE,82,82.95228571428571
station-mirpur,OCTANE,83,83.40278571428573
station-mirpur,OCTANE,84,39.94892857142857
station-mirpur,OCTANE,85,41.0595
station-mirpur,OCTANE,86,41.64364285714286
station-mirpur,OCTANE,87,40.48435714285715
station-mirpur,OCTANE,88,41.5745
station-mirpur,OCTANE,89,40.701928571428574
station-mirpur,OCTANE,90,41.31028571428572
station-mirpur,OCTANE,91,40.212785714285715
station-mirpur,OCTANE,92,41.50785714285714
station-mirpur,OCTANE,93,40.20764285714286
station-mirpur,OCTANE,94,39.686571428571426
station-mirpur,OCTANE,95,41.57514285714286
station-mirpur,PETROL,0,75.24671428571428
station-mirpur,PETROL,1,75.67335714285714
station-mirpur,PETROL,2,77.28999999999999
station-mirpur,PETROL,3,74.97985714285714
station-mirpur,PETROL,4,76.624
station-mirpur,PETROL,5,75.8457142857143
station-mirpur,PETROL,6,75.60535714285713
station-mirpur,PETROL,7,78.75750000000001
station-mirpur,PETROL,8,75.17421428571429
station-mirpur,PETROL,9,75.68728571428572
station-mirpur,PETROL,10,75.498
station-mirpur,PETROL,11,79.4425
station-mirpur,PETROL,12,75.16621428571429
station-mirpur,PETROL,13,75.53764285714286
station-mirpur,PETROL,14,76.01564285714286
station-mirpur,PETROL,15,75.66228571428572
station-mirpur,PETROL,16,74.9095
station-mirpur,PETROL,17,78.19921428571429
station-mirpur,PETROL,18,76.16807142857144
station-mirpur,PETROL,19,79.348
station-mirpur,PETROL,20,75.81500000000001
station-mirpur,PETROL,21,76.63342857142857
station-mirpur,PETROL,22,77.62657142857142
station-mirpur,PETROL,23,77.41057142857143
station-mirpur,PETROL,24,76.46050000000001
station-mirpur,PETROL,25,76.93385714285715
station-mirpur,PETROL,26,76.48078571428572
station-mirpur,PETROL,27,75.45907142857142
station-mirpur,PETROL,28,157.88157142857145
station-mirpur,PETROL,29,155.52228571428572
station-mirpur,PETROL,30,161.3595
station-mirpur,PETROL,31,160.50435714285715
station-mirpur,PETROL,32,158.02992857142857
station-mirpur,PETROL,33,161.44357142857143
station-mirpur,PETROL,34,157.97492857142856
station-mirpur,PETROL,35,162.50635714285713
station-mirpur,PETROL,36,158.92392857142858
station-mirpur,PETROL,37,159.79435714285714
station-mirpur,PETROL,38,157.03207142857144
station-mirpur,PETROL,39,159.1557857142857
station-mirpur,PETROL,40,78.949
station-mirpur,PETROL,41,76.31885714285714
station-mirpur,PETROL,42,75.229
station-mirpur,PETROL,43,75.96257142857144
station-mirpur,PETROL,44,75.58742857142856
station-mirpur,PETROL,45,77.96907142857143
station-mirpur,PETROL,46,76.03642857142857
station-mirpur,PETROL,47,76.07014285714286
station-mirpur,PETROL,48,75.72464285714285
station-mirpur,PETROL,49,76.88592857142858
station-mirpur,PETROL,50,77.152
station-mirpur,PETROL,51,77.16157142857142
station-mirpur,PETROL,52,76.75699999999999
station-mirpur,PETROL,53,76.65585714285714
station-mirpur,PETROL,54,76.63714285714286
station-mirpur,PETROL,55,74.9005
station-mirpur,PETROL,56,77.87064285714284
station-mirpur,PETROL,57,76.06500000000001
station-mirpur,PETROL,58,77.20757142857143
station-mirpur,PETROL,59,77.67485714285715
station-mirpur,PETROL,60,72.46642857142857
station-mirpur,PETROL,61,75.52042857142858
station-mirpur,PETROL,62,76.52492857142856
station-mirpur,PETROL,63,77.01514285714286
station-mirpur,PETROL,64,161.2800714285714
station-mirpur,PETROL,65,159.4372142857143
station-mirpur,PETROL,66,157.18992857142857
station-mirpur,PETROL,67,155.59292857142856
station-mirpur,PETROL,68,156.067
station-mirpur,PETROL,69,156.11957142857142
station-mirpur,PETROL,70,159.64821428571426
station-mirpur,PETROL,71,152.6732857142857
station-mirpur,PETROL,72,158.46114285714287
station-mirpur,PETROL,73,160.42485714285712
station-mirpur,PETROL,74,150.79749999999999
station-mirpur,PETROL,75,163.21014285714287
station-mirpur,PETROL,76,155.09650000000002
station-mirpur,PETROL,77,158.96421428571426
station-mirpur,PETROL,78,161.9592857142857
station-mirpur,PETROL,79,162.61564285714286
station-mirpur,PETROL,80,157.13364285714286
station-mirpur,PETROL,81,161.77185714285716
station-mirpur,PETROL,82,155.34671428571428
station-mirpur,PETROL,83,154.2192142857143
station-mirpur,PETROL,84,75.86878571428572
station-mirpur,PETROL,85,75.37678571428572
station-mirpur,PETROL,86,76.72207142857143
station-mirpur,PETROL,87,77.72557142857143
station-mirpur,PETROL,88,77.20314285714286
station-mirpur,PETROL,89,75.48742857142858
station-mirpur,PETROL,90,78.40928571428572
station-mirpur,PETROL,91,75.76414285714284
station-mirpur,PETROL,92,75.75757142857142
station-mirpur,PETROL,93,73.83500000000001
station-mirpur,PETROL,94,78.55942857142858
station-mirpur,PETROL,95,73.71128571428572
station-tongi,DIESEL,0,67.10214285714285
station-tongi,DIESEL,1,65.87621428571428
station-tongi,DIESEL,2,65.67535714285714
station-tongi,DIESEL,3,65.6425
station-tongi,DIESEL,4,65.26192857142857
station-tongi,DIESEL,5,65.5
station-tongi,DIESEL,6,66.27085714285714
station-tongi,DIESEL,7,66.09271428571428
station-tongi,DIESEL,8,64.30392857142857
station-tongi,DIESEL,9,65.69685714285714
station-tongi,DIESEL,10,66.79142857142857
station-tongi,DIESEL,11,65.54707142857143
station-tongi,DIESEL,12,65.30885714285714
station-tongi,DIESEL,13,64.10842857142858
station-tongi,DIESEL,14,66.90571428571428
station-tongi,DIESEL,15,64.88042857142857
station-tongi,DIESEL,16,65.36628571428572
station-tongi,DIESEL,17,64.70878571428571
station-tongi,DIESEL,18,64.72164285714287
station-tongi,DIESEL,19,64.47142857142858
station-tongi,DIESEL,20,65.59764285714286
station-tongi,DIESEL,21,66.4555
station-tongi,DIESEL,22,66.91092857142857
station-tongi,DIESEL,23,65.86642857142857
station-tongi,DIESEL,24,225.48957142857142
station-tongi,DIESEL,25,228.49871428571427
station-tongi,DIESEL,26,229.01807142857143
station-tongi,DIESEL,27,224.26014285714285
station-tongi,DIESEL,28,221.49785714285716
station-tongi,DIESEL,29,227.51028571428574
station-tongi,DIESEL,30,222.84992857142856
station-tongi,DIESEL,31,225.15985714285713
station-tongi,DIESEL,32,224.98635714285714
station-tongi,DIESEL,33,226.68185714285713
station-tongi,DIESEL,34,227.65078571428572
station-tongi,DIESEL,35,221.69492857142856
station-tongi,DIESEL,36,232.57814285714286
station-tongi,DIESEL,37,226.94042857142858
station-tongi,DIESEL,38,227.549
station-tongi,DIESEL,39,226.30942857142855
station-tongi,DIESEL,40,225.59285714285716
station-tongi,DIESEL,41,220.98671428571427
station-tongi,DIESEL,42,222.13885714285715
station-tongi,DIESEL,43,224.54307142857144
station-tongi,DIESEL,44,224.0207142857143
station-tongi,DIESEL,45,231.4799285714286
station-tongi,DIESEL,46,229.24557142857142
station-tongi,DIESEL,47,222.8487857142857
station-tongi,DIESEL,48,223.19564285714287
station-tongi,DIESEL,49,227.30592857142855
station-tongi,DIESEL,50,229.4192142857143
station-tongi,DIESEL,51,226.95242857142856
station-tongi,DIESEL,52,227.24285714285716
station-tongi,DIESEL,53,222.99235714285714
station-tongi,DIESEL,54,222.6582857142857
station-tongi,DIESEL,55,222.8322142857143
station-tongi,DIESEL,56,224.8162857142857
station-tongi,DIESEL,57,227.97335714285714
station-tongi,DIESEL,58,229.45728571428572
station-tongi,DIESEL,59,224.9595
station-tongi,DIESEL,60,225.61385714285714
station-tongi,DIESEL,61,221.51885714285714
station-tongi,DIESEL,62,231.1567142857143
station-tongi,DIESEL,63,224.95778571428573
station-tongi,DIESEL,64,225.377
station-tongi,DIESEL,65,224.23114285714286
station-tongi,DIESEL,66,231.11835714285715
station-tongi,DIESEL,67,227.53542857142858
station-tongi,DIESEL,68,228.8087142857143
station-tongi,DIESEL,69,227.9082857142857
station-tongi,DIESEL,70,222.12807142857145
station-tongi,DIESEL,71,228.847
station-tongi,DIESEL,72,64.48985714285713
station-tongi,DIESEL,73,64.30071428571429
station-tongi,DIESEL,74,65.30357142857143
station-tongi,DIESEL,75,66.12678571428572
station-tongi,DIESEL,76,64.25807142857143
station-tongi,DIESEL,77,65.76021428571428
station-tongi,DIESEL,78,64.72764285714285
station-tongi,DIESEL,79,66.84071428571428
station-tongi,DIESEL,80,65.13992857142857
station-tongi,DIESEL,81,64.78478571428572
station-tongi,DIESEL,82,65.84714285714286
station-tongi,DIESEL,83,66.39078571428571
station-tongi,DIESEL,84,65.22185714285715
station-tongi,DIESEL,85,65.65928571428572
station-tongi,DIESEL,86,64.80642857142857
station-tongi,DIESEL,87,64.72942857142857
station-tongi,DIESEL,88,66.97428571428571
station-tongi,DIESEL,89,65.15935714285715
station-tongi,DIESEL,90,65.21764285714286
station-tongi,DIESEL,91,64.61542857142857
station-tongi,DIESEL,92,65.74992857142857
station-tongi,DIESEL,93,65.41514285714285
station-tongi,DIESEL,94,64.26907142857144
station-tongi,DIESEL,95,65.19592857142857
station-tongi,OCTANE,0,10.442071428571428
station-tongi,OCTANE,1,10.458714285714285
station-tongi,OCTANE,2,10.291285714285715
station-tongi,OCTANE,3,10.324071428571429
station-tongi,OCTANE,4,10.256285714285713
station-tongi,OCTANE,5,10.236928571428573
station-tongi,OCTANE,6,10.148285714285715
station-tongi,OCTANE,7,10.213285714285714
station-tongi,OCTANE,8,10.123000000000001
station-tongi,OCTANE,9,10.225714285714286
station-tongi,OCTANE,10,10.442714285714287
station-tongi,OCTANE,11,10.414285714285715
station-tongi,OCTANE,12,10.037214285714287
station-tongi,OCTANE,13,10.402071428571428
station-tongi,OCTANE,14,10.209571428571428
station-tongi,OCTANE,15,10.4435
station-tongi,OCTANE,16,10.281357142857143
station-tongi,OCTANE,17,10.352428571428572
station-tongi,OCTANE,18,10.520214285714285
station-tongi,OCTANE,19,10.282214285714286
station-tongi,OCTANE,20,10.266071428571427
station-tongi,OCTANE,21,10.339214285714286
station-tongi,OCTANE,22,10.430214285714285
station-tongi,OCTANE,23,10.478142857142856
station-tongi,OCTANE,24,36.117714285714285
station-tongi,OCTANE,25,35.545428571428566
station-tongi,OCTANE,26,35.48592857142857
station-tongi,OCTANE,27,35.61992857142857
station-tongi,OCTANE,28,35.8865
station-tongi,OCTANE,29,35.41907142857143
station-tongi,OCTANE,30,35.382357142857146
station-tongi,OCTANE,31,36.02278571428572
station-tongi,OCTANE,32,36.03414285714286
station-tongi,OCTANE,33,35.223
station-tongi,OCTANE,34,35.503214285714286
station-tongi,OCTANE,35,35.324642857142855
station-tongi,OCTANE,36,35.77692857142857
station-tongi,OCTANE,37,35.03407142857143
station-tongi,OCTANE,38,35.27
station-tongi,OCTANE,39,35.18807142857143
station-tongi,OCTANE,40,35.316785714285714
station-tongi,OCTANE,41,35.557857142857145
station-tongi,OCTANE,42,34.87207142857143
station-tongi,OCTANE,43,35.91442857142857
station-tongi,OCTANE,44,36.574999999999996
station-tongi,OCTANE,45,35.252071428571426
station-tongi,OCTANE,46,34.99842857142857
station-tongi,OCTANE,47,35.655857142857144
station-tongi,OCTANE,48,35.72407142857143
station-tongi,OCTANE,49,35.74914285714286
station-tongi,OCTANE,50,35.567928571428574
station-tongi,OCTANE,51,35.49764285714286
station-tongi,OCTANE,52,35.4345
station-tongi,OCTANE,53,34.778214285714284
station-tongi,OCTANE,54,36.013714285714286
station-tongi,OCTANE,55,35.56671428571428
station-tongi,OCTANE,56,36.11342857142857
station-tongi,OCTANE,57,35.491214285714285
station-tongi,OCTANE,58,35.47085714285714
station-tongi,OCTANE,59,34.73285714285714
station-tongi,OCTANE,60,35.134142857142855
station-tongi,OCTANE,61,36.630785714285715
station-tongi,OCTANE,62,35.56742857142857
station-tongi,OCTANE,63,35.18214285714286
station-tongi,OCTANE,64,35.72792857142857
station-tongi,OCTANE,65,35.28771428571429
station-tongi,OCTANE,66,34.79685714285714
station-tongi,OCTANE,67,36.09421428571429
station-tongi,OCTANE,68,35.91164285714286
station-tongi,OCTANE,69,35.355000000000004
station-tongi,OCTANE,70,35.08935714285714
station-tongi,OCTANE,71,35.989714285714285
station-tongi,OCTANE,72,10.356
station-tongi,OCTANE,73,10.373642857142856
station-tongi,OCTANE,74,10.375214285714284
station-tongi,OCTANE,75,10.12257142857143
station-tongi,OCTANE,76,10.307285714285713
station-tongi,OCTANE,77,10.480571428571428
station-tongi,OCTANE,78,10.307500000000001
station-tongi,OCTANE,79,10.601142857142857
station-tongi,OCTANE,80,10.612071428571427
station-tongi,OCTANE,81,10.356214285714286
station-tongi,OCTANE,82,10.227428571428572
station-tongi,OCTANE,83,10.499857142857142
station-tongi,OCTANE,84,10.391714285714286
station-tongi,OCTANE,85,10.219785714285715
station-tongi,OCTANE,86,10.4065
station-tongi,OCTANE,87,10.314357142857144
station-tongi,OCTANE,88,10.231285714285715
station-tongi,OCTANE,89,10.356571428571428
station-tongi,OCTANE,90,10.121714285714287
station-tongi,OCTANE,91,10.344857142857142
station-tongi,OCTANE,92,10.370714285714286
station-tongi,OCTANE,93,10.333571428571428
station-tongi,OCTANE,94,10.316214285714285
station-tongi,OCTANE,95,10.401
station-tongi,PETROL,0,21.456642857142857
station-tongi,PETROL,1,21.17064285714286
station-tongi,PETROL,2,21.11542857142857
station-tongi,PETROL,3,20.734857142857145
station-tongi,PETROL,4,21.279714285714284
station-tongi,PETROL,5,21.178428571428572
station-tongi,PETROL,6,20.964714285714287
station-tongi,PETROL,7,20.738928571428573
station-tongi,PETROL,8,21.05185714285714
station-tongi,PETROL,9,20.972071428571432
station-tongi,PETROL,10,21.011714285714284
station-tongi,PETROL,11,21.180928571428574
station-tongi,PETROL,12,21.599357142857144
station-tongi,PETROL,13,21.110785714285715
station-tongi,PETROL,14,20.984
station-tongi,PETROL,15,20.47942857142857
station-tongi,PETROL,16,21.331714285714288
station-tongi,PETROL,17,20.909214285714285
station-tongi,PETROL,18,20.892785714285715
station-tongi,PETROL,19,21.148357142857144
station-tongi,PETROL,20,20.996357142857143
station-tongi,PETROL,21,20.792928571428572
station-tongi,PETROL,22,21.177357142857144
station-tongi,PETROL,23,21.31514285714286
station-tongi,PETROL,24,72.70714285714286
station-tongi,PETROL,25,69.7335
station-tongi,PETROL,26,72.32464285714285
station-tongi,PETROL,27,73.16835714285715
station-tongi,PETROL,28,72.172
station-tongi,PETROL,29,73.4425
station-tongi,PETROL,30,73.75535714285715
station-tongi,PETROL,31,72.92221428571429
station-tongi,PETROL,32,72.89957142857142
station-tongi,PETROL,33,72.37492857142857
station-tongi,PETROL,34,73.45935714285714
station-tongi,PETROL,35,73.86014285714285
station-tongi,PETROL,36,73.94392857142857
station-tongi,PETROL,37,71.44371428571428
station-tongi,PETROL,38,71.99942857142857
station-tongi,PETROL,39,72.71135714285715
station-tongi,PETROL,40,73.86271428571429
station-tongi,PETROL,41,71.00071428571428
station-tongi,PETROL,42,71.236
station-tongi,PETROL,43,73.20828571428571
station-tongi,PETROL,44,72.82557142857142
station-tongi,PETROL,45,72.06378571428571
station-tongi,PETROL,46,72.82692857142857
station-tongi,PETROL,47,73.64442857142856
station-tongi,PETROL,48,73.32935714285715
station-tongi,PETROL,49,73.81328571428571
station-tongi,PETROL,50,73.11385714285714
station-tongi,PETROL,51,74.92414285714287
station-tongi,PETROL,52,73.70364285714285
station-tongi,PETROL,53,70.93428571428572
station-tongi,PETROL,54,73.17821428571429
station-tongi,PETROL,55,71.68714285714286
station-tongi,PETROL,56,72.91007142857143
station-tongi,PETROL,57,73.4637857142857
station-tongi,PETROL,58,71.89407142857144
station-tongi,PETROL,59,72.22842857142857
station-tongi,PETROL,60,70.32078571428572
station-tongi,PETROL,61,72.421
station-tongi,PETROL,62,71.06728571428572
station-tongi,PETROL,63,71.01642857142858
station-tongi,PETROL,64,72.13685714285714
station-tongi,PETROL,65,72.17949999999999
station-tongi,PETROL,66,72.77778571428571
station-tongi,PETROL,67,72.52314285714286
station-tongi,PETROL,68,72.42621428571428
station-tongi,PETROL,69,72.42928571428571
station-tongi,PETROL,70,71.92064285714285
station-tongi,PETROL,71,72.53721428571428
station-tongi,PETROL,72,21.290857142857142
station-tongi,PETROL,73,21.22471428571429
station-tongi,PETROL,74,21.139142857142854
station-tongi,PETROL,75,21.40957142857143
station-tongi,PETROL,76,20.927214285714285
station-tongi,PETROL,77,21.128285714285713
station-tongi,PETROL,78,20.627214285714285
station-tongi,PETROL,79,20.72292857142857
station-tongi,PETROL,80,21.239285714285717
station-tongi,PETROL,81,20.801142857142857
station-tongi,PETROL,82,20.959642857142857
station-tongi,PETROL,83,21.386142857142858
station-tongi,PETROL,84,21.286357142857145
station-tongi,PETROL,85,21.170785714285717
station-tongi,PETROL,86,20.785571428571426
station-tongi,PETROL,87,21.1195
station-tongi,PETROL,88,20.982857142857142
station-tongi,PETROL,89,20.6115
station-tongi,PETROL,90,21.18957142857143
station-tongi,PETROL,91,20.643285714285717
station-tongi,PETROL,92,20.9715
station-tongi,PETROL,93,21.03985714285714
station-tongi,PETROL,94,21.252142857142854
station-tongi,PETROL,95,20.853785714285713
