station_id,fuel_type,tick_of_day,mean,std,p05,p95,n
station-coxsbazar,DIESEL,0,52.484500000000004,3.505231952162585,48.65815,57.63375,14
station-coxsbazar,DIESEL,1,52.382642857142855,2.6004879603390076,48.657650000000004,55.985800000000005,14
station-coxsbazar,DIESEL,2,51.37721428571428,2.7184870842938578,47.94315,55.92509999999999,14
station-coxsbazar,DIESEL,3,54.576928571428574,2.2455355182531105,51.1631,57.2313,14
station-coxsbazar,DIESEL,4,53.56771428571428,3.0866267978184525,48.57165,56.83945,14
station-coxsbazar,DIESEL,5,54.25928571428572,3.255160930172067,48.603,57.51455,14
station-coxsbazar,DIESEL,6,52.71492857142857,3.0411340360587062,48.83205,57.33605,14
station-coxsbazar,DIESEL,7,51.91192857142857,3.5416368328844743,47.64295,56.614599999999996,14
station-coxsbazar,DIESEL,8,54.042500000000004,3.3648889740513432,48.533550000000005,57.6925,14
station-coxsbazar,DIESEL,9,52.24885714285715,2.635577176814417,48.46675,55.97105,14
station-coxsbazar,DIESEL,10,53.36421428571429,3.1293105698950927,48.3344,57.77995,14
station-coxsbazar,DIESEL,11,53.7195,2.4364822609024492,49.4093,57.0761,14
station-coxsbazar,DIESEL,12,51.733785714285716,2.7841664455817465,47.94015,55.92505,14
station-coxsbazar,DIESEL,13,52.53742857142857,3.3152422051972135,47.59615,56.81915,14
station-coxsbazar,DIESEL,14,53.26714285714286,3.065018455387852,48.262499999999996,56.8486,14
station-coxsbazar,DIESEL,15,53.26357142857143,3.2959875073112253,48.46865,57.492850000000004,14
station-coxsbazar,DIESEL,16,52.74964285714286,2.6080687994447858,49.3219,56.6557,14
station-coxsbazar,DIESEL,17,53.324571428571424,3.557959305217309,48.477,57.54075,14
station-coxsbazar,DIESEL,18,53.25657142857143,3.358292393791496,48.87205,57.5796,14
station-coxsbazar,DIESEL,19,53.40107142857143,2.3524916239296885,50.1034,57.354749999999996,14
station-coxsbazar,DIESEL,20,53.34992857142857,2.8961110386778413,49.989,57.7282,14
station-coxsbazar,DIESEL,21,52.24585714285714,2.8993255145913577,48.02965,56.4569,14
station-coxsbazar,DIESEL,22,51.45735714285714,2.716589649574596,48.353049999999996,56.11875,14
station-coxsbazar,DIESEL,23,54.76892857142857,2.163224497197349,51.56745,57.485800000000005,14
station-coxsbazar,DIESEL,24,53.99328571428571,2.771750916452837,49.2284,57.2835,14
station-coxsbazar,DIESEL,25,53.891357142857146,3.606705605421078,47.821,57.45915,14
station-coxsbazar,DIESEL,26,52.33021428571429,2.6955530381201314,48.759,56.526399999999995,14
station-coxsbazar,DIESEL,27,52.307071428571426,2.9811851402855436,47.9418,56.31415,14
station-coxsbazar,DIESEL,28,96.99035714285715,5.434401652820282,91.46755,106.54825,14
station-coxsbazar,DIESEL,29,104.53942857142856,4.235242717852295,98.41455,109.54984999999999,14
station-coxsbazar,DIESEL,30,101.9335,6.6281581935302,93.03004999999999,109.69539999999999,14
station-coxsbazar,DIESEL,31,104.03878571428572,5.134250258779781,96.4705,109.64445,14
station-coxsbazar,DIESEL,32,101.519,5.248196554715062,94.10510000000001,109.19879999999999,14
station-coxsbazar,DIESEL,33,99.88242857142858,6.386493786039478,91.8455,111.17805,14
station-coxsbazar,DIESEL,34,99.274,6.7890012180335875,92.2447,110.0746,14
station-coxsbazar,DIESEL,35,105.30892857142858,6.2666595624326495,93.1922,110.70935,14
station-coxsbazar,DIESEL,36,100.11064285714285,3.7991437012354967,95.37345,105.49225,14
station-coxsbazar,DIESEL,37,101.58735714285714,6.226414162595981,91.3737,109.49385000000001,14
station-coxsbazar,DIESEL,38,101.55,5.908955120440889,94.01025,109.49065,14
station-coxsbazar,DIESEL,39,101.80864285714286,5.990365272118769,93.44815,109.5369,14
station-coxsbazar,DIESEL,40,102.26407142857144,6.761170568477321,92.82465,111.0572,14
station-coxsbazar,DIESEL,41,101.889,6.514199059333032,91.80555000000001,109.43035,14
station-coxsbazar,DIESEL,42,98.99249999999999,6.636848670056504,91.3729,108.9927,14
station-coxsbazar,DIESEL,43,98.53792857142857,3.893347254055222,93.3716,103.50129999999999,14
station-coxsbazar,DIESEL,44,101.49392857142857,7.096193274883759,93.03135,110.63395,14
station-coxsbazar,DIESEL,45,100.89828571428572,6.23127830358293,92.5835,109.5062,14
station-coxsbazar,DIESEL,46,105.42049999999999,4.490052419601494,97.78155,110.9986,14
station-coxsbazar,DIESEL,47,101.04499999999999,6.502059425230652,92.03855,110.2998,14
station-coxsbazar,DIESEL,48,101.6987857142857,5.85727532060076,92.94745,109.4443,14
station-coxsbazar,DIESEL,49,104.52271428571429,4.819631384381865,97.6532,110.21975,14
station-coxsbazar,DIESEL,50,99.20121428571429,5.036183111758823,92.54465,107.75829999999999,14
station-coxsbazar,DIESEL,51,100.96935714285713,6.7875759874725725,92.5198,109.44664999999999,14
station-coxsbazar,DIESEL,52,104.73014285714285,6.01658722401461,93.1111,110.67399999999999,14
station-coxsbazar,DIESEL,53,98.03964285714287,5.470977786425424,91.61345,109.021,14
station-coxsbazar,DIESEL,54,104.11378571428573,4.640737510661118,97.29915,111.1686,14
station-coxsbazar,DIESEL,55,100.03721428571428,6.2512132875094,92.7023,110.44915,14
station-coxsbazar,DIESEL,56,100.98035714285716,6.49137184276936,93.1601,111.16735,14
station-coxsbazar,DIESEL,57,101.11850000000001,5.843830971466999,92.716,108.22975,14
station-coxsbazar,DIESEL,58,101.20814285714286,5.7242563085272735,93.339,109.1023,14
station-coxsbazar,DIESEL,59,100.85742857142857,5.923228351996075,93.71065,108.54685,14
station-coxsbazar,DIESEL,60,102.41449999999999,5.52036141166361,92.71185,110.32775,14
station-coxsbazar,DIESEL,61,103.53928571428571,5.287911255926053,95.52194999999999,110.8608,14
station-coxsbazar,DIESEL,62,103.66785714285713,5.75491685239865,94.45495,109.9756,14
station-coxsbazar,DIESEL,63,103.48164285714286,5.889210533576741,93.37605,110.736,14
station-coxsbazar,DIESEL,64,101.672,5.864239946817162,93.40445,109.8219,14
station-coxsbazar,DIESEL,65,104.14428571428572,7.6699250264971885,91.32245,111.19485,14
station-coxsbazar,DIESEL,66,101.70857142857143,4.370355586910969,94.9349,106.8641,14
station-coxsbazar,DIESEL,67,100.22007142857142,6.163665935442663,91.9526,108.57979999999999,14
station-coxsbazar,DIESEL,68,100.75907142857143,6.365183149993965,92.56885,111.1202,14
station-coxsbazar,DIESEL,69,102.30971428571429,4.438945221707361,96.50555,108.0543,14
station-coxsbazar,DIESEL,70,98.52442857142857,6.124502563339465,91.3717,109.2593,14
station-coxsbazar,DIESEL,71,102.52528571428572,5.411208345484562,96.03659999999999,110.80315,14
station-coxsbazar,DIESEL,72,100.57614285714286,5.683891176042948,93.95265,108.7761,14
station-coxsbazar,DIESEL,73,99.073,5.200394837080975,91.33665,105.00035,14
station-coxsbazar,DIESEL,74,103.07078571428572,6.021639518354699,94.00319999999999,109.3635,14
station-coxsbazar,DIESEL,75,102.64142857142858,6.160843607497596,93.31515,109.8544,14
station-coxsbazar,DIESEL,76,102.61335714285714,5.475960142114073,95.7029,110.12655,14
station-coxsbazar,DIESEL,77,100.61142857142856,5.99965428124867,92.357,109.6058,14
station-coxsbazar,DIESEL,78,104.25185714285715,5.981425323541113,93.9801,110.0818,14
station-coxsbazar,DIESEL,79,100.53578571428571,5.576198417981852,92.3429,107.42055,14
station-coxsbazar,DIESEL,80,100.99857142857142,5.519769026860647,93.3076,109.79005,14
station-coxsbazar,DIESEL,81,103.7757857142857,5.212173253785076,97.65735,111.19,14
station-coxsbazar,DIESEL,82,99.88378571428572,6.099038627629658,92.67555,109.059,14
station-coxsbazar,DIESEL,83,100.6707142857143,6.331347935575703,92.27395,109.1456,14
station-coxsbazar,DIESEL,84,53.16978571428571,3.7746808765484023,48.4189,57.6623,14
station-coxsbazar,DIESEL,85,53.928428571428576,2.6997420023255696,49.53105,56.58105,14
station-coxsbazar,DIESEL,86,53.48907142857143,3.2095149996482393,48.5489,57.457899999999995,14
station-coxsbazar,DIESEL,87,51.54785714285714,3.9813330171447086,47.5726,57.73385,14
station-coxsbazar,DIESEL,88,52.53471428571429,3.217627803416467,48.168,57.41225,14
station-coxsbazar,DIESEL,89,52.91592857142857,2.6366700579529274,48.9587,56.5953,14
station-coxsbazar,DIESEL,90,51.35907142857143,3.3394195364852473,47.40945,56.0318,14
station-coxsbazar,DIESEL,91,52.74221428571428,3.130037507235863,48.22865,56.48655,14
station-coxsbazar,DIESEL,92,51.94349999999999,2.57923428559718,47.98625,54.79565,14
station-coxsbazar,DIESEL,93,51.41578571428572,2.5840224510387926,48.11165,54.8765,14
station-coxsbazar,DIESEL,94,52.80021428571428,2.028147437311332,49.7038,55.7722,14
station-coxsbazar,DIESEL,95,51.777857142857144,3.3407685172298716,47.67375,56.68655,14
station-coxsbazar,OCTANE,0,26.810785714285714,1.3640600132619605,24.7998,28.503800000000002,14
station-coxsbazar,OCTANE,1,26.11707142857143,1.4253361527554294,23.958399999999997,28.04805,14
station-coxsbazar,OCTANE,2,26.58442857142857,1.4412492825689436,24.6278,28.6821,14
station-coxsbazar,OCTANE,3,25.94757142857143,1.627635269779004,23.952199999999998,28.2698,14
station-coxsbazar,OCTANE,4,25.845428571428574,1.6258306144285706,23.84945,28.7467,14
station-coxsbazar,OCTANE,5,25.769214285714288,1.6532876420854685,23.91075,28.5156,14
station-coxsbazar,OCTANE,6,26.500857142857143,1.5267348697915315,24.00725,28.197,14
station-coxsbazar,OCTANE,7,25.946499999999997,1.658996441318574,23.84575,28.4042,14
station-coxsbazar,OCTANE,8,26.08778571428571,1.8463094656251815,23.839,28.155549999999998,14
station-coxsbazar,OCTANE,9,26.058714285714284,1.600334312600937,23.93745,28.5642,14
station-coxsbazar,OCTANE,10,26.798214285714288,1.343114759892751,24.42555,28.35755,14
station-coxsbazar,OCTANE,11,26.36378571428571,1.4333685541715757,24.5007,28.6602,14
station-coxsbazar,OCTANE,12,26.141357142857142,1.5962764656991764,24.27865,28.207900000000002,14
station-coxsbazar,OCTANE,13,26.296142857142858,1.616400410082317,24.2226,28.43245,14
station-coxsbazar,OCTANE,14,26.187,1.5348603043424363,24.08375,28.18345,14
station-coxsbazar,OCTANE,15,26.636357142857143,1.555906542929128,24.2883,28.4345,14
station-coxsbazar,OCTANE,16,26.239857142857144,1.4555928137911505,24.703049999999998,28.4314,14
station-coxsbazar,OCTANE,17,26.460857142857144,1.8754127282011557,24.0297,28.6618,14
station-coxsbazar,OCTANE,18,26.101428571428574,1.6421100269651063,24.0072,28.5389,14
station-coxsbazar,OCTANE,19,26.213214285714287,1.6752452026527305,23.984650000000002,28.3554,14
station-coxsbazar,OCTANE,20,25.70542857142857,1.3463227247286884,24.165300000000002,28.026049999999998,14
station-coxsbazar,OCTANE,21,26.739285714285717,1.3973308307446204,24.571350000000002,28.392599999999998,14
station-coxsbazar,OCTANE,22,25.97364285714286,1.3855069945215481,24.0092,28.1674,14
station-coxsbazar,OCTANE,23,26.559642857142855,1.465158043832335,24.33205,28.17445,14
station-coxsbazar,OCTANE,24,26.275000000000002,1.5391836997377724,24.29535,28.5712,14
station-coxsbazar,OCTANE,25,26.22107142857143,1.8278215055206994,23.991149999999998,28.61295,14
station-coxsbazar,OCTANE,26,25.96485714285714,1.450036119292463,24.5959,28.54565,14
station-coxsbazar,OCTANE,27,26.75507142857143,1.0859753832233183,25.289450000000002,28.2514,14
station-coxsbazar,OCTANE,28,51.502785714285714,2.5984478259906627,47.26665,54.5522,14
station-coxsbazar,OCTANE,29,49.80735714285714,2.525145772095081,46.24745,53.523149999999994,14
station-coxsbazar,OCTANE,30,50.46842857142857,2.7789800484872336,46.50335,54.278349999999996,14
station-coxsbazar,OCTANE,31,50.16978571428571,2.8684720719352557,46.38915,54.10155,14
station-coxsbazar,OCTANE,32,51.6555,2.6766145594762043,48.38315,55.5589,14
station-coxsbazar,OCTANE,33,50.518142857142855,2.489493950960341,47.0642,54.412549999999996,14
station-coxsbazar,OCTANE,34,50.574999999999996,3.1683500680711014,46.69115,55.0236,14
station-coxsbazar,OCTANE,35,50.85007142857143,2.822779820953526,46.764450000000004,54.4061,14
station-coxsbazar,OCTANE,36,50.71771428571429,3.3515165207724986,45.68575,54.7613,14
station-coxsbazar,OCTANE,37,49.498285714285714,2.9109649583962685,46.0773,53.8062,14
station-coxsbazar,OCTANE,38,50.87764285714286,2.5537496596526106,47.26495,54.0382,14
station-coxsbazar,OCTANE,39,50.14935714285714,3.448591855484536,46.113550000000004,55.3451,14
station-coxsbazar,OCTANE,40,51.84007142857143,3.1472204211209753,47.13815,55.3491,14
station-coxsbazar,OCTANE,41,49.154999999999994,3.1070385355734595,46.02135,53.62525,14
station-coxsbazar,OCTANE,42,48.98457142857143,2.4145088595751796,45.99805,52.1016,14
station-coxsbazar,OCTANE,43,50.22607142857142,3.252504560731993,46.2811,55.087900000000005,14
station-coxsbazar,OCTANE,44,50.263714285714286,2.850426700272501,46.1619,54.348,14
station-coxsbazar,OCTANE,45,52.06507142857142,2.3974975243200736,47.40875,54.8677,14
station-coxsbazar,OCTANE,46,50.970642857142856,3.3684452840840597,46.3439,54.9118,14
station-coxsbazar,OCTANE,47,50.52592857142857,3.564622700161334,46.0357,55.6217,14
station-coxsbazar,OCTANE,48,51.41478571428571,2.6615836286105887,47.2029,54.233200000000004,14
station-coxsbazar,OCTANE,49,49.907,3.1963716448979627,45.7621,54.125550000000004,14
station-coxsbazar,OCTANE,50,48.65278571428571,2.767610749047227,45.84755,53.47495,14
station-coxsbazar,OCTANE,51,49.69264285714286,3.180306603679368,46.194250000000004,54.971849999999996,14
station-coxsbazar,OCTANE,52,50.56850000000001,2.954390988915417,46.43475,55.37765,14
station-coxsbazar,OCTANE,53,50.887571428571434,2.8084011524294485,47.1851,54.57735,14
station-coxsbazar,OCTANE,54,50.58692857142857,3.247174190781074,46.32925,55.195,14
station-coxsbazar,OCTANE,55,50.700857142857146,3.113981247340968,46.8405,55.45685,14
station-coxsbazar,OCTANE,56,48.96521428571429,2.7547547476645233,45.9306,53.61575,14
station-coxsbazar,OCTANE,57,49.662,3.265758222715019,45.966249999999995,54.19095,14
station-coxsbazar,OCTANE,58,50.029785714285715,2.886128660135778,47.09265,54.5231,14
station-coxsbazar,OCTANE,59,49.99557142857143,3.349892046809081,46.0812,54.9179,14
station-coxsbazar,OCTANE,60,51.9485,2.805358190485321,47.2676,55.1351,14
station-coxsbazar,OCTANE,61,50.53621428571429,2.526277564949038,47.355,54.17655,14
station-coxsbazar,OCTANE,62,49.6775,2.6128196602374016,46.1703,53.86985,14
station-coxsbazar,OCTANE,63,49.304500000000004,3.28079895874348,45.8202,54.4212,14
station-coxsbazar,OCTANE,64,51.67364285714286,2.5519342168740837,48.0573,55.23105,14
station-coxsbazar,OCTANE,65,50.3175,2.9979082900223277,45.866550000000004,53.99785,14
station-coxsbazar,OCTANE,66,50.75185714285714,3.716367971702868,45.74705,55.14085,14
station-coxsbazar,OCTANE,67,50.7395,3.164914283685566,46.8494,55.3499,14
station-coxsbazar,OCTANE,68,51.38414285714286,3.039385865526197,46.7243,54.461949999999995,14
station-coxsbazar,OCTANE,69,50.825714285714284,3.206747607745303,46.252449999999996,55.0351,14
station-coxsbazar,OCTANE,70,50.876357142857145,3.1739383108527655,46.8436,54.5045,14
station-coxsbazar,OCTANE,71,50.83228571428572,3.170207210616012,46.3686,54.7058,14
station-coxsbazar,OCTANE,72,49.93864285714285,2.9934055883697956,46.4457,54.34645,14
station-coxsbazar,OCTANE,73,51.46214285714286,3.0997216464892916,47.106300000000005,55.542449999999995,14
station-coxsbazar,OCTANE,74,50.33421428571428,3.029495900655407,45.7981,55.1414,14
station-coxsbazar,OCTANE,75,51.73007142857143,2.239278093297229,49.0919,55.0456,14
station-coxsbazar,OCTANE,76,50.7095,3.595194757750106,46.2332,54.9878,14
station-coxsbazar,OCTANE,77,50.709785714285715,2.6949008024721137,47.2477,54.5036,14
station-coxsbazar,OCTANE,78,51.85821428571428,3.09607613150709,47.38305,55.367399999999996,14
station-coxsbazar,OCTANE,79,51.75164285714286,2.7479051771553844,46.8979,54.6809,14
station-coxsbazar,OCTANE,80,51.233785714285716,2.6003348653755936,47.90815,54.93,14
station-coxsbazar,OCTANE,81,50.874857142857145,2.8519710554454942,46.957750000000004,55.0196,14
station-coxsbazar,OCTANE,82,50.56764285714286,3.022229528704896,46.387100000000004,55.300149999999995,14
station-coxsbazar,OCTANE,83,49.70957142857143,2.7704957544227944,46.6712,53.55075,14
station-coxsbazar,OCTANE,84,25.550571428571427,1.376309542233852,23.997300000000003,27.51795,14
station-coxsbazar,OCTANE,85,27.20664285714286,1.443416758791597,24.342750000000002,28.85035,14
station-coxsbazar,OCTANE,86,26.293499999999998,1.6688556074332912,24.03695,28.640749999999997,14
station-coxsbazar,OCTANE,87,26.41564285714286,1.5690230476878997,24.1118,28.46775,14
station-coxsbazar,OCTANE,88,26.527714285714286,1.28991850837243,24.71355,28.3681,14
station-coxsbazar,OCTANE,89,27.522785714285714,1.3060213909528329,25.6094,28.8081,14
station-coxsbazar,OCTANE,90,25.993642857142856,1.5903919984680537,24.12545,28.8238,14
station-coxsbazar,OCTANE,91,25.833714285714287,1.193764403284606,24.62145,27.85335,14
station-coxsbazar,OCTANE,92,26.470214285714285,1.7025844688667797,24.22615,28.64165,14
station-coxsbazar,OCTANE,93,25.416357142857144,1.3137144993164558,23.8255,27.722,14
station-coxsbazar,OCTANE,94,26.567714285714285,1.3567105823998002,24.604049999999997,28.4714,14
station-coxsbazar,OCTANE,95,26.371857142857145,1.7613326186176737,23.9753,28.65055,14
station-coxsbazar,PETROL,0,54.62114285714286,2.9981122228994215,50.464,60.451499999999996,14
station-coxsbazar,PETROL,1,56.332,3.597320306091103,50.4516,60.7086,14
station-coxsbazar,PETROL,2,56.20214285714286,3.5798233918007067,51.02495,60.8728,14
station-coxsbazar,PETROL,3,56.801857142857145,2.9321368122436384,51.799549999999996,59.7939,14
station-coxsbazar,PETROL,4,55.1295,2.442875913911558,51.52285,58.027,14
station-coxsbazar,PETROL,5,55.1515,2.710643231922864,51.73705,59.28055,14
station-coxsbazar,PETROL,6,56.36535714285714,3.283777037478054,50.35635,59.988,14
station-coxsbazar,PETROL,7,58.900357142857146,1.623417601478809,56.30025,60.8778,14
station-coxsbazar,PETROL,8,56.53807142857143,3.641576950554964,51.78805,60.8249,14
station-coxsbazar,PETROL,9,55.669285714285714,2.9474091733529026,51.243,58.7633,14
station-coxsbazar,PETROL,10,55.270500000000006,2.9025028125607517,51.3107,58.780849999999994,14
station-coxsbazar,PETROL,11,56.158,2.6455111764298747,52.43535,59.879549999999995,14
station-coxsbazar,PETROL,12,54.44678571428572,2.528047016924372,51.13145,58.11085,14
station-coxsbazar,PETROL,13,55.559000000000005,2.84573556801698,51.6224,59.68025,14
station-coxsbazar,PETROL,14,54.53214285714286,2.6702205860231816,51.43965,59.51265,14
station-coxsbazar,PETROL,15,55.83978571428571,3.502260482746963,50.81855,59.4232,14
station-coxsbazar,PETROL,16,54.97485714285715,3.171286219456434,50.43365,58.803799999999995,14
station-coxsbazar,PETROL,17,56.45214285714286,2.971305976972283,51.6939,60.6248,14
station-coxsbazar,PETROL,18,56.797000000000004,3.149096402755265,52.290400000000005,60.1863,14
station-coxsbazar,PETROL,19,54.76857142857143,3.2396358939354166,50.5877,59.7732,14
station-coxsbazar,PETROL,20,57.52585714285714,3.268816413819037,50.72835,60.73505,14
station-coxsbazar,PETROL,21,55.473285714285716,3.7716614463567715,50.185449999999996,60.1897,14
station-coxsbazar,PETROL,22,56.180214285714285,3.09542474228737,52.51165,60.3255,14
station-coxsbazar,PETROL,23,55.98142857142857,2.5953847117908757,52.304,59.5617,14
station-coxsbazar,PETROL,24,54.47314285714286,2.579157908404121,51.2403,58.3488,14
station-coxsbazar,PETROL,25,53.84314285714286,2.694580368561564,50.779,58.384249999999994,14
station-coxsbazar,PETROL,26,54.87464285714286,3.0246370311707937,50.81535,59.6209,14
station-coxsbazar,PETROL,27,55.787142857142854,3.130581338423187,51.67225,60.0644,14
station-coxsbazar,PETROL,28,109.3605,5.783700409173779,100.64435,117.063,14
station-coxsbazar,PETROL,29,106.97785714285715,5.202033771770167,99.57050000000001,114.21515000000001,14
station-coxsbazar,PETROL,30,105.36107142857144,5.427950590221885,97.79085,112.9598,14
station-coxsbazar,PETROL,31,106.0257857142857,5.972340427447069,97.3001,116.41685,14
station-coxsbazar,PETROL,32,108.90835714285716,5.5323420914187444,101.01435,116.51985,14
station-coxsbazar,PETROL,33,107.8962142857143,7.191284224441648,97.67954999999999,117.2925,14
station-coxsbazar,PETROL,34,104.53949999999999,6.782792796141173,97.0582,115.364,14
station-coxsbazar,PETROL,35,107.26207142857143,6.501448897264075,98.85495,116.8955,14
station-coxsbazar,PETROL,36,106.31678571428571,6.18335215507142,98.7292,114.83109999999999,14
station-coxsbazar,PETROL,37,105.54714285714286,4.936772191455632,98.13045,112.59854999999999,14
station-coxsbazar,PETROL,38,108.104,6.509823216316425,98.8937,116.30945,14
station-coxsbazar,PETROL,39,104.98057142857144,5.944191886775964,97.37389999999999,113.95595,14
station-coxsbazar,PETROL,40,104.47928571428572,5.173783490289831,97.3514,112.15745,14
station-coxsbazar,PETROL,41,105.74157142857143,6.979451374893696,96.2392,115.10735,14
station-coxsbazar,PETROL,42,110.08135714285713,5.95905166186628,101.291,116.7227,14
station-coxsbazar,PETROL,43,107.05050000000001,5.843873409227561,98.83785,115.74215,14
station-coxsbazar,PETROL,44,107.34957142857142,6.39355138719158,99.03375,117.01955,14
station-coxsbazar,PETROL,45,105.86621428571428,6.256600037358356,97.06705000000001,115.32795,14
station-coxsbazar,PETROL,46,106.37578571428571,5.4865803442241114,99.4594,115.60135,14
station-coxsbazar,PETROL,47,105.42792857142857,5.47255345357154,98.41765,113.99285,14
station-coxsbazar,PETROL,48,103.64007142857143,5.6160035402175685,96.85765,112.13485,14
station-coxsbazar,PETROL,49,106.68657142857144,7.286132768847597,97.3142,117.0961,14
station-coxsbazar,PETROL,50,107.81607142857142,6.669642586021734,98.63675,116.37225,14
station-coxsbazar,PETROL,51,104.90964285714286,7.494020617564615,96.49575,115.9358,14
station-coxsbazar,PETROL,52,105.75357142857142,6.140343108858453,97.6313,115.23235,14
station-coxsbazar,PETROL,53,108.40842857142857,6.523073682224988,99.3133,116.7579,14
station-coxsbazar,PETROL,54,107.93264285714285,6.832772729304677,97.60585,115.40885,14
station-coxsbazar,PETROL,55,107.1905,6.648000008678147,96.71015,115.06479999999999,14
station-coxsbazar,PETROL,56,104.51985714285715,6.8969236939058876,97.3888,114.13395,14
station-coxsbazar,PETROL,57,104.07292857142856,5.867828054010155,96.8458,113.5025,14
station-coxsbazar,PETROL,58,106.36764285714285,6.524707533759569,98.75825,115.61805,14
station-coxsbazar,PETROL,59,105.40528571428571,5.131883631221153,97.93155,113.22395,14
station-coxsbazar,PETROL,60,109.74514285714285,6.1396444504565535,99.7285,116.0415,14
station-coxsbazar,PETROL,61,108.35185714285714,7.814403475015201,96.74145,116.95715,14
station-coxsbazar,PETROL,62,106.63214285714285,6.8540012553829595,97.3042,116.09065,14
station-coxsbazar,PETROL,63,104.91078571428571,5.878281697892698,97.46424999999999,113.3946,14
station-coxsbazar,PETROL,64,107.80921428571428,6.861870267349426,98.33015,115.81335,14
station-coxsbazar,PETROL,65,105.92157142857143,6.405805956789821,97.68780000000001,114.9923,14
station-coxsbazar,PETROL,66,108.23335714285714,6.490202267882103,98.2537,116.965,14
station-coxsbazar,PETROL,67,106.30214285714285,5.101208391640657,97.13665,113.27815,14
station-coxsbazar,PETROL,68,108.70349999999999,5.96840406125972,99.6736,114.98215,14
station-coxsbazar,PETROL,69,107.39271428571429,7.384579321683919,96.8423,115.71315,14
station-coxsbazar,PETROL,70,107.15592857142857,5.408793388324464,98.42615,113.4643,14
station-coxsbazar,PETROL,71,107.22014285714286,5.092626296264686,99.83025,115.7428,14
station-coxsbazar,PETROL,72,107.36685714285714,5.4719828336598555,100.64695,115.63945,14
station-coxsbazar,PETROL,73,106.49928571428572,6.548401923999606,97.15180000000001,116.44565,14
station-coxsbazar,PETROL,74,109.8065,6.834638359123328,97.76205,116.2954,14
station-coxsbazar,PETROL,75,107.05771428571428,6.62020893730903,99.20835,116.3574,14
station-coxsbazar,PETROL,76,106.86285714285714,3.963219803239685,102.58085,113.43599999999999,14
station-coxsbazar,PETROL,77,108.09357142857142,4.560623687346107,101.6314,116.3945,14
station-coxsbazar,PETROL,78,109.66764285714285,5.584592425141254,101.30995,117.22065,14
station-coxsbazar,PETROL,79,105.63021428571429,6.127828943919213,97.0004,113.9651,14
station-coxsbazar,PETROL,80,105.08714285714287,5.784558833748595,97.00125,115.783,14
station-coxsbazar,PETROL,81,109.16992857142857,5.772643767930648,99.39985,115.85804999999999,14
station-coxsbazar,PETROL,82,106.74235714285714,4.55621461652852,98.53355,112.247,14
station-coxsbazar,PETROL,83,107.72,7.064940470106865,97.79365000000001,116.8207,14
station-coxsbazar,PETROL,84,54.63007142857143,3.06218630956797,51.3451,59.52355,14
station-coxsbazar,PETROL,85,54.199999999999996,2.988286800158244,51.1315,60.314699999999995,14
station-coxsbazar,PETROL,86,55.2395,3.5683109503603445,51.05135,60.5526,14
station-coxsbazar,PETROL,87,55.246785714285714,3.302863121097103,50.54965,60.4102,14
station-coxsbazar,PETROL,88,55.357142857142854,2.99669645949163,51.47685,60.124,14
station-coxsbazar,PETROL,89,55.77742857142857,2.9328970900219695,51.928850000000004,60.29275,14
station-coxsbazar,PETROL,90,55.63207142857143,3.570711100570343,50.2348,60.6131,14
station-coxsbazar,PETROL,91,55.20507142857143,3.6120392591845,51.10135,60.34795,14
station-coxsbazar,PETROL,92,56.15428571428571,2.534493195540631,52.7718,60.4683,14
station-coxsbazar,PETROL,93,55.671499999999995,3.104035902597678,51.6302,59.47725,14
station-coxsbazar,PETROL,94,56.65192857142857,2.198628994633692,53.7246,59.42,14
station-coxsbazar,PETROL,95,56.93785714285714,2.9286594165286575,52.928000000000004,60.4397,14
station-karnaphuli,DIESEL,0,86.69385714285714,6.144556338207551,78.7177,95.50580000000001,14
station-karnaphuli,DIESEL,1,89.07521428571428,6.793517556958491,78.8609,97.9916,14
station-karnaphuli,DIESEL,2,87.00592857142858,6.917859000323123,78.45015000000001,95.39535,14
station-karnaphuli,DIESEL,3,89.93642857142856,5.617808424510888,81.2716,97.24284999999999,14
station-karnaphuli,DIESEL,4,88.36364285714285,6.422592390653755,78.66709999999999,96.92205,14
station-karnaphuli,DIESEL,5,90.57285714285715,5.446014023784066,82.6138,98.21209999999999,14
station-karnaphuli,DIESEL,6,85.04214285714285,5.321482628237862,78.73765,93.84155,14
station-karnaphuli,DIESEL,7,88.66721428571428,6.83709898195214,79.0083,96.9478,14
station-karnaphuli,DIESEL,8,87.96257142857144,6.533884622775051,79.78105000000001,97.09895,14
station-karnaphuli,DIESEL,9,91.50928571428571,6.338316792196628,80.2475,98.10875,14
station-karnaphuli,DIESEL,10,86.41785714285713,6.305298966341333,79.5074,94.90745,14
station-karnaphuli,DIESEL,11,88.06114285714285,4.990980385534607,82.0246,95.58619999999999,14
station-karnaphuli,DIESEL,12,90.2925,7.251101080843887,79.32145,99.0672,14
station-karnaphuli,DIESEL,13,88.22885714285714,6.574122917307535,79.9482,95.89975,14
station-karnaphuli,DIESEL,14,88.25742857142858,5.996572927858117,80.18795,96.3892,14
station-karnaphuli,DIESEL,15,87.749,5.402366276421414,80.3558,94.82475,14
station-karnaphuli,DIESEL,16,86.18621428571429,5.783778990598442,80.053,96.31479999999999,14
station-karnaphuli,DIESEL,17,86.3225,7.273106687284012,79.48175,98.7432,14
station-karnaphuli,DIESEL,18,86.08121428571428,6.394905257956663,78.68469999999999,94.77065,14
station-karnaphuli,DIESEL,19,90.31678571428571,6.119062776131796,79.9345,98.99804999999999,14
station-karnaphuli,DIESEL,20,88.67435714285715,7.449941100512064,78.31904999999999,97.9021,14
station-karnaphuli,DIESEL,21,85.2942857142857,5.270315877682233,80.0683,94.91435,14
station-karnaphuli,DIESEL,22,89.4675,5.923085886856356,81.94005,96.739,14
station-karnaphuli,DIESEL,23,90.51457142857143,4.85670761721569,83.7633,97.10495,14
station-karnaphuli,DIESEL,24,160.44785714285715,11.938831522886487,141.38705,177.61939999999998,14
station-karnaphuli,DIESEL,25,156.9082857142857,12.737576882404468,141.9128,177.88655,14
station-karnaphuli,DIESEL,26,164.8412142857143,9.680937845370872,149.6192,176.7138,14
station-karnaphuli,DIESEL,27,161.42635714285714,10.023384555107137,144.60660000000001,173.07285,14
station-karnaphuli,DIESEL,28,161.32485714285713,13.08592322869322,143.34085000000002,177.27734999999998,14
station-karnaphuli,DIESEL,29,157.57014285714286,10.739845944011432,142.88375000000002,173.71904999999998,14
station-karnaphuli,DIESEL,30,160.01950000000002,12.68337158978697,145.4086,175.4713,14
station-karnaphuli,DIESEL,31,159.82814285714286,11.092688124353625,146.24994999999998,174.76465000000002,14
station-karnaphuli,DIESEL,32,160.79107142857143,13.205832670943813,142.92475,177.78719999999998,14
station-karnaphuli,DIESEL,33,158.59164285714286,12.956996367315897,142.56955,175.226,14
station-karnaphuli,DIESEL,34,156.58585714285715,11.395738764030265,143.2457,176.27245,14
station-karnaphuli,DIESEL,35,163.48371428571429,10.328090697246486,146.26590000000002,175.2392,14
station-karnaphuli,DIESEL,36,157.29957142857143,12.51778068136734,141.73465,174.62415000000001,14
station-karnaphuli,DIESEL,37,156.48885714285714,11.095177024671175,141.9717,171.8329,14
station-karnaphuli,DIESEL,38,159.75585714285714,10.4308404916688,145.97465,174.81965,14
station-karnaphuli,DIESEL,39,160.37971428571427,10.712893449761099,143.0186,174.88920000000002,14
station-karnaphuli,DIESEL,40,87.20285714285714,7.078247576007263,78.3587,98.45455,14
station-karnaphuli,DIESEL,41,89.21164285714285,5.902640994401676,79.98485,96.37724999999999,14
station-karnaphuli,DIESEL,42,87.8872142857143,6.192513186577326,79.8579,97.85185,14
station-karnaphuli,DIESEL,43,88.25335714285714,6.623291008683999,80.74435,97.49305,14
station-karnaphuli,DIESEL,44,90.24335714285714,6.818752295151761,80.0473,98.5061,14
station-karnaphuli,DIESEL,45,88.55557142857143,5.626861028403583,79.4115,95.08070000000001,14
station-karnaphuli,DIESEL,46,85.77378571428572,6.584028439262015,78.05125,96.09655000000001,14
station-karnaphuli,DIESEL,47,86.32885714285715,5.436810601490872,80.7046,95.7074,14
station-karnaphuli,DIESEL,48,89.72614285714285,7.696524109144165,79.5166,98.1593,14
station-karnaphuli,DIESEL,49,88.07485714285714,5.354211568147407,80.8001,95.69515,14
station-karnaphuli,DIESEL,50,87.11335714285714,4.50912327496058,79.9548,93.2817,14
station-karnaphuli,DIESEL,51,87.98335714285714,6.945515638022997,78.99775,96.80605,14
station-karnaphuli,DIESEL,52,87.44857142857143,5.630396839604521,80.5469,97.5706,14
station-karnaphuli,DIESEL,53,87.2612857142857,6.3812672171523515,78.1342,95.54205,14
station-karnaphuli,DIESEL,54,89.90878571428571,5.869911926721944,80.5718,96.5825,14
station-karnaphuli,DIESEL,55,85.3827857142857,4.988720973410867,79.9153,93.711,14
station-karnaphuli,DIESEL,56,89.33664285714285,4.799517068769167,81.2936,96.014,14
station-karnaphuli,DIESEL,57,88.44728571428571,6.610822786316986,79.56880000000001,96.0431,14
station-karnaphuli,DIESEL,58,88.8865,5.786660864569352,82.43095,97.31745,14
station-karnaphuli,DIESEL,59,88.8335,7.186890016925587,80.18249999999999,97.9996,14
station-karnaphuli,DIESEL,60,86.88464285714285,6.331855088569015,78.76769999999999,95.01455,14
station-karnaphuli,DIESEL,61,86.69292857142857,6.9934222992783726,79.46074999999999,98.19109999999999,14
station-karnaphuli,DIESEL,62,86.91464285714287,5.640313952079442,79.07445,93.87655,14
station-karnaphuli,DIESEL,63,88.9155,6.04289068308308,79.688,97.7351,14
station-karnaphuli,DIESEL,64,157.2185,10.213070823892592,143.94655,172.01319999999998,14
station-karnaphuli,DIESEL,65,159.18464285714285,10.65284533754782,144.70604999999998,174.57855,14
station-karnaphuli,DIESEL,66,156.19292857142858,10.640082377242456,142.98665,174.35075,14
station-karnaphuli,DIESEL,67,162.48242857142856,10.886427228535442,144.78455,174.21535,14
station-karnaphuli,DIESEL,68,160.13857142857142,9.983190508313193,144.28985,170.88685,14
station-karnaphuli,DIESEL,69,158.4799285714286,11.10897304998418,141.6509,171.78555,14
station-karnaphuli,DIESEL,70,165.09757142857143,12.5187849171634,142.2904,176.7345,14
station-karnaphuli,DIESEL,71,166.08057142857143,9.523878805114299,148.93745,175.095,14
station-karnaphuli,DIESEL,72,165.5697142857143,11.115588433357015,146.7397,177.2166,14
station-karnaphuli,DIESEL,73,158.67235714285715,10.646043718801712,146.68765,175.58185,14
station-karnaphuli,DIESEL,74,159.77835714285715,10.278209321795172,144.67435,173.6899,14
station-karnaphuli,DIESEL,75,156.71092857142858,14.853561248526773,140.70250000000001,178.02679999999998,14
station-karnaphuli,DIESEL,76,158.38914285714284,11.243498824839886,140.63400000000001,171.2944,14
station-karnaphuli,DIESEL,77,156.23692857142856,12.327043269321978,143.71450000000002,173.20055,14
station-karnaphuli,DIESEL,78,156.57714285714286,11.914601725853624,141.70475,173.2125,14
station-karnaphuli,DIESEL,79,161.42285714285714,11.099550689847028,143.2022,172.71880000000002,14
station-karnaphuli,DIESEL,80,157.29307142857144,12.812899698616748,142.3443,178.07725,14
station-karnaphuli,DIESEL,81,159.73414285714284,13.007521432777875,142.78705,176.93075,14
station-karnaphuli,DIESEL,82,154.74221428571428,11.627475916178824,142.16895000000002,174.27655,14
station-karnaphuli,DIESEL,83,155.5067857142857,12.765620779015258,142.00995,177.37875,14
station-karnaphuli,DIESEL,84,89.76350000000001,6.138387181687689,81.01625,96.94355,14
station-karnaphuli,DIESEL,85,87.48735714285715,6.06259776266479,79.07015,96.04155,14
station-karnaphuli,DIESEL,86,88.97407142857142,6.6685131483629965,79.4151,97.87425,14
station-karnaphuli,DIESEL,87,89.94185714285713,7.807100297482098,78.5224,98.14685,14
station-karnaphuli,DIESEL,88,88.9965,5.831708533789809,79.38375,97.36825,14
station-karnaphuli,DIESEL,89,87.4392142857143,6.006270597384949,80.0724,95.7547,14
station-karnaphuli,DIESEL,90,87.61964285714285,5.420717318515396,80.17729999999999,95.63675,14
station-karnaphuli,DIESEL,91,88.28421428571428,6.836146149792197,79.91,98.63755,14
station-karnaphuli,DIESEL,92,87.151,4.917687855705544,81.9352,95.22695,14
station-karnaphuli,DIESEL,93,87.30878571428572,5.822056511875553,79.2509,97.41805000000001,14
station-karnaphuli,DIESEL,94,89.10735714285714,5.770058480001512,80.2392,97.09649999999999,14
station-karnaphuli,DIESEL,95,88.5975,7.345389163382591,78.9935,98.0251,14
station-karnaphuli,OCTANE,0,51.533428571428566,4.079034797488357,46.56745,57.4672,14
station-karnaphuli,OCTANE,1,52.87121428571429,2.7620302225988493,48.792649999999995,55.8662,14
station-karnaphuli,OCTANE,2,51.60178571428571,4.179646878322681,46.8575,57.90685,14
station-karnaphuli,OCTANE,3,53.20464285714286,3.9717596876552723,46.866350000000004,58.01145,14
station-karnaphuli,OCTANE,4,51.33364285714286,3.450930857857672,46.9523,55.8742,14
station-karnaphuli,OCTANE,5,52.684000000000005,3.595475318957255,46.7889,56.883199999999995,14
station-karnaphuli,OCTANE,6,53.35821428571428,3.1595341472236904,49.22315,58.07195,14
station-karnaphuli,OCTANE,7,53.46742857142857,3.7250438038577953,48.20255,57.4705,14
station-karnaphuli,OCTANE,8,52.43357142857143,3.8225158190402806,46.4757,57.8637,14
station-karnaphuli,OCTANE,9,51.99335714285714,3.6114418302676006,46.43735,56.7526,14
station-karnaphuli,OCTANE,10,52.6175,3.6167416221702173,47.52845,56.9684,14
station-karnaphuli,OCTANE,11,52.115,3.338763151919492,47.07985,56.0112,14
station-karnaphuli,OCTANE,12,49.73121428571428,3.018423026339095,46.2734,55.0946,14
station-karnaphuli,OCTANE,13,52.579142857142855,3.214497205740625,48.29495,56.5071,14
station-karnaphuli,OCTANE,14,51.674285714285716,3.705578298656301,46.7682,56.948,14
station-karnaphuli,OCTANE,15,50.919,2.965777677232269,47.4448,55.5967,14
station-karnaphuli,OCTANE,16,52.57814285714286,3.0603016909384,49.0338,57.31015,14
station-karnaphuli,OCTANE,17,50.81842857142857,3.092070471738606,46.77715,54.91455,14
station-karnaphuli,OCTANE,18,51.10214285714285,3.823300142288331,46.7607,56.88335,14
station-karnaphuli,OCTANE,19,52.143857142857144,3.861239953437494,47.0877,58.0131,14
station-karnaphuli,OCTANE,20,52.779714285714284,3.8185675410988975,47.926449999999996,57.87185,14
station-karnaphuli,OCTANE,21,53.00485714285714,4.153734813526124,46.5871,57.7414,14
station-karnaphuli,OCTANE,22,51.42914285714286,4.045635461298299,46.36705,57.9565,14
station-karnaphuli,OCTANE,23,52.69785714285714,3.697482883034034,47.07655,57.0721,14
station-karnaphuli,OCTANE,24,93.87235714285714,7.167066298296383,83.52449999999999,103.18875,14
station-karnaphuli,OCTANE,25,97.8487142857143,7.035759665162967,85.59055,104.73585,14
station-karnaphuli,OCTANE,26,91.83707142857143,6.233972044855828,83.53200000000001,100.2255,14
station-karnaphuli,OCTANE,27,92.99435714285714,6.685716814536482,85.5121,103.10495,14
station-karnaphuli,OCTANE,28,95.97528571428572,7.523796948846542,84.2486,103.87425,14
station-karnaphuli,OCTANE,29,92.74614285714286,6.786024358444831,84.35215000000001,101.22775,14
station-karnaphuli,OCTANE,30,94.28200000000001,6.864464279618174,85.82025,102.9888,14
station-karnaphuli,OCTANE,31,96.95457142857143,6.558956984557432,87.61145,104.14905,14
station-karnaphuli,OCTANE,32,93.366,5.809218191805157,85.337,101.6131,14
station-karnaphuli,OCTANE,33,93.96657142857143,6.342982866786861,84.5321,100.8928,14
station-karnaphuli,OCTANE,34,94.3342142857143,7.1168922688160805,83.81845,104.2614,14
station-karnaphuli,OCTANE,35,95.69385714285714,5.484043368749888,88.52885,103.524,14
station-karnaphuli,OCTANE,36,94.87342857142858,6.183177670897877,84.2469,103.0826,14
station-karnaphuli,OCTANE,37,94.13385714285714,7.778497272878343,85.65955,103.87805,14
station-karnaphuli,OCTANE,38,92.673,6.717909748174308,83.9962,102.30475,14
station-karnaphuli,OCTANE,39,95.10778571428571,6.432529364680159,85.48525,103.3312,14
station-karnaphuli,OCTANE,40,51.0795,3.5601227020772956,46.7597,57.028,14
station-karnaphuli,OCTANE,41,51.109857142857145,3.7884538729213477,46.75635,56.93685,14
station-karnaphuli,OCTANE,42,51.32042857142857,4.011076619606218,46.69065,57.351200000000006,14
station-karnaphuli,OCTANE,43,53.02292857142857,3.294262202078632,47.93315,57.9141,14
station-karnaphuli,OCTANE,44,53.10735714285715,3.041905187597023,48.7884,57.29895,14
station-karnaphuli,OCTANE,45,53.47042857142857,3.749731492218645,48.28635,57.982949999999995,14
station-karnaphuli,OCTANE,46,51.74557142857143,4.096378658021021,46.9863,57.578700000000005,14
station-karnaphuli,OCTANE,47,52.90935714285714,3.89517308013082,47.405699999999996,57.84245,14
station-karnaphuli,OCTANE,48,50.29685714285714,3.3364747830640034,46.7596,56.6391,14
station-karnaphuli,OCTANE,49,50.509214285714286,3.5514274741849383,46.29745,55.9648,14
station-karnaphuli,OCTANE,50,53.391357142857146,3.650875081762914,47.7774,57.72925,14
station-karnaphuli,OCTANE,51,51.12271428571428,3.5365966131855644,46.62025,56.4442,14
station-karnaphuli,OCTANE,52,53.03292857142857,3.846669077852357,47.09315,57.46295,14
station-karnaphuli,OCTANE,53,53.09842857142858,3.962151391397312,47.498599999999996,57.8814,14
station-karnaphuli,OCTANE,54,52.70957142857143,3.6788064058099845,47.17205,57.0192,14
station-karnaphuli,OCTANE,55,52.066071428571426,3.5304062844051036,46.959500000000006,56.706849999999996,14
station-karnaphuli,OCTANE,56,52.62735714285714,2.791747332823953,48.7973,56.7749,14
station-karnaphuli,OCTANE,57,53.11985714285714,3.902230996142175,47.63635,58.3741,14
station-karnaphuli,OCTANE,58,53.758785714285715,3.590513444718358,47.8515,58.0286,14
station-karnaphuli,OCTANE,59,51.714642857142856,4.08499800597151,46.4774,57.48445,14
station-karnaphuli,OCTANE,60,53.37728571428572,3.6343642006349794,48.704550000000005,57.8474,14
station-karnaphuli,OCTANE,61,52.398357142857144,2.8703388062452406,48.5915,56.6818,14
station-karnaphuli,OCTANE,62,52.724714285714285,2.8543753844168487,46.8106,55.928399999999996,14
station-karnaphuli,OCTANE,63,53.84885714285714,3.8750730982116366,47.09885,58.02765,14
station-karnaphuli,OCTANE,64,96.08264285714286,6.978784439087707,86.4117,104.16199999999999,14
station-karnaphuli,OCTANE,65,94.49471428571428,7.290423438462811,84.30155,103.47015,14
station-karnaphuli,OCTANE,66,93.19607142857141,6.46621523428071,84.51285,102.8559,14
station-karnaphuli,OCTANE,67,92.3995,6.050945466492121,84.79015000000001,100.23025,14
station-karnaphuli,OCTANE,68,94.9637857142857,8.408969617466369,83.25375,104.43679999999999,14
station-karnaphuli,OCTANE,69,90.21900000000001,6.462897266468279,83.5718,101.2437,14
station-karnaphuli,OCTANE,70,93.62071428571429,7.885884296821576,83.5932,104.0711,14
station-karnaphuli,OCTANE,71,92.4007142857143,6.533716040409424,84.2876,101.30835,14
station-karnaphuli,OCTANE,72,91.9425,5.90836488834653,85.65835,102.3715,14
station-karnaphuli,OCTANE,73,92.15635714285715,6.495243272605704,85.46585,103.0508,14
station-karnaphuli,OCTANE,74,94.544,4.962873128774066,87.0893,102.3004,14
station-karnaphuli,OCTANE,75,96.86735714285714,5.6047064921044125,88.18055,102.05475,14
station-karnaphuli,OCTANE,76,94.14692857142857,6.26816268583099,85.1177,102.64750000000001,14
station-karnaphuli,OCTANE,77,94.36142857142856,6.755093471018578,86.0001,103.25315,14
station-karnaphuli,OCTANE,78,94.20221428571429,7.5492347567212335,84.84705,105.00515,14
station-karnaphuli,OCTANE,79,94.35807142857142,6.910187100486951,85.66325,104.1537,14
station-karnaphuli,OCTANE,80,93.24635714285715,7.592704237086295,83.37505,104.1548,14
station-karnaphuli,OCTANE,81,95.79642857142858,5.72315994903146,85.9718,102.03145,14
station-karnaphuli,OCTANE,82,95.05971428571429,4.83694060058901,88.24365,101.66255,14
station-karnaphuli,OCTANE,83,94.49621428571429,5.294884587666033,87.9742,102.0082,14
station-karnaphuli,OCTANE,84,52.72935714285715,4.145614431719806,47.37145,57.982600000000005,14
station-karnaphuli,OCTANE,85,53.43864285714285,3.615585378865798,47.97975,58.0216,14
station-karnaphuli,OCTANE,86,53.41707142857143,3.488292715846616,48.68195,57.6559,14
station-karnaphuli,OCTANE,87,52.60971428571429,3.651313429198013,48.1912,58.01775,14
station-karnaphuli,OCTANE,88,51.0945,3.887408940313686,46.9714,56.4316,14
station-karnaphuli,OCTANE,89,52.41028571428571,3.698970780523256,47.00455,56.85235,14
station-karnaphuli,OCTANE,90,51.380428571428574,3.1207733931557065,47.1624,55.7291,14
station-karnaphuli,OCTANE,91,52.33378571428572,4.163158733805036,46.15835,57.7975,14
station-karnaphuli,OCTANE,92,53.92642857142857,3.431351173972271,48.9976,57.869,14
station-karnaphuli,OCTANE,93,54.154857142857146,3.3073722745765033,49.8039,58.05525,14
station-karnaphuli,OCTANE,94,50.76792857142857,3.428811645774349,46.48585,56.0127,14
station-karnaphuli,OCTANE,95,52.014785714285715,3.761171016065065,47.196600000000004,57.6714,14
station-karnaphuli,PETROL,0,90.20385714285715,5.696199365260243,82.38974999999999,98.99539999999999,14
station-karnaphuli,PETROL,1,93.9475,6.672941362178818,83.64645,101.9726,14
station-karnaphuli,PETROL,2,95.57892857142858,3.6089570721126143,90.8108,100.48859999999999,14
station-karnaphuli,PETROL,3,90.111,6.968969551905403,82.4261,102.49985,14
station-karnaphuli,PETROL,4,96.23707142857143,5.719022165804834,84.7206,101.24975,14
station-karnaphuli,PETROL,5,93.69314285714286,5.447643412270366,85.3891,100.68525,14
station-karnaphuli,PETROL,6,90.98421428571429,6.441306045045057,82.79455,99.0114,14
station-karnaphuli,PETROL,7,90.33335714285714,6.486870213772561,84.3257,102.20135,14
station-karnaphuli,PETROL,8,93.05378571428571,7.131634575592066,83.00405,101.98904999999999,14
station-karnaphuli,PETROL,9,94.31892857142857,5.94118120169959,83.8218,101.5664,14
station-karnaphuli,PETROL,10,91.16335714285715,6.814658257780039,82.77795,102.4064,14
station-karnaphuli,PETROL,11,92.96507142857142,6.372397320466615,84.14030000000001,100.42425,14
station-karnaphuli,PETROL,12,94.65664285714286,8.236175481067958,82.427,102.82915,14
station-karnaphuli,PETROL,13,93.75628571428571,6.84722837165713,82.8706,100.8485,14
station-karnaphuli,PETROL,14,92.18721428571429,6.82376456193378,84.00529999999999,102.82075,14
station-karnaphuli,PETROL,15,90.56728571428572,5.0095394142433065,84.3684,99.65905,14
station-karnaphuli,PETROL,16,90.71907142857143,6.850953964615054,83.6996,101.67639999999999,14
station-karnaphuli,PETROL,17,91.3827857142857,6.294180586719906,83.4879,100.72479999999999,14
station-karnaphuli,PETROL,18,93.86792857142858,4.46950874024438,87.40729999999999,99.66435,14
station-karnaphuli,PETROL,19,93.88907142857144,5.881815319783848,84.5934,100.85445,14
station-karnaphuli,PETROL,20,93.10321428571429,6.674387510690186,85.3671,101.87765,14
station-karnaphuli,PETROL,21,92.83035714285714,6.985753333168019,82.25865,102.5788,14
station-karnaphuli,PETROL,22,92.58257142857143,5.807160735006205,82.24555,99.5453,14
station-karnaphuli,PETROL,23,95.467,5.592738066182172,84.8051,101.79,14
station-karnaphuli,PETROL,24,162.76864285714285,10.449763976776206,149.7689,180.8779,14
station-karnaphuli,PETROL,25,166.83564285714286,13.088116710072667,150.04505,185.88414999999998,14
station-karnaphuli,PETROL,26,167.14000000000001,13.662381046001968,148.1863,185.11085,14
station-karnaphuli,PETROL,27,167.36292857142857,12.386176485000625,149.4151,186.3957,14
station-karnaphuli,PETROL,28,165.7212142857143,13.390997763587134,149.51585,185.64634999999998,14
station-karnaphuli,PETROL,29,163.68735714285714,10.169988621180698,150.4202,178.85965,14
station-karnaphuli,PETROL,30,165.83092857142856,13.234114596313256,149.85715,185.09245,14
station-karnaphuli,PETROL,31,168.17992857142855,9.319584692498879,156.9479,182.7354,14
station-karnaphuli,PETROL,32,164.50607142857143,12.828969168159318,149.3024,184.231,14
station-karnaphuli,PETROL,33,163.01250000000002,11.765401622815684,150.4818,184.41185000000002,14
station-karnaphuli,PETROL,34,169.56400000000002,11.953244258681083,152.07185,184.81980000000001,14
station-karnaphuli,PETROL,35,170.03014285714286,14.360972962844837,148.948,185.72514999999999,14
station-karnaphuli,PETROL,36,161.82142857142858,13.216924579517705,149.0984,183.2964,14
station-karnaphuli,PETROL,37,168.77192857142856,11.081508897981536,151.99515,183.87619999999998,14
station-karnaphuli,PETROL,38,168.20421428571427,10.757225379884277,151.33615,182.9466,14
station-karnaphuli,PETROL,39,162.99864285714284,11.045905413369194,148.36034999999998,176.95735,14
station-karnaphuli,PETROL,40,91.89185714285715,4.784328517424089,86.19995,99.13375,14
station-karnaphuli,PETROL,41,92.44364285714286,5.955632829607521,85.95265,101.0728,14
station-karnaphuli,PETROL,42,91.62664285714285,7.014178526463299,83.10679999999999,103.0171,14
station-karnaphuli,PETROL,43,91.32528571428573,6.244121191212537,83.47784999999999,98.82275,14
station-karnaphuli,PETROL,44,95.5255,7.367755213402204,83.48055,102.44500000000001,14
station-karnaphuli,PETROL,45,93.83321428571428,6.557321042791924,86.49655,103.4926,14
station-karnaphuli,PETROL,46,92.46714285714286,5.866058916239354,83.85745,100.61805,14
station-karnaphuli,PETROL,47,91.73535714285715,6.679012566438043,84.14175,101.55235,14
station-karnaphuli,PETROL,48,93.1182857142857,5.283740406314329,86.52945,100.25075,14
station-karnaphuli,PETROL,49,93.83321428571428,5.779854498815045,85.54725,101.44494999999999,14
station-karnaphuli,PETROL,50,92.68335714285715,7.325748726314529,82.6192,101.94175,14
station-karnaphuli,PETROL,51,93.73407142857143,7.264981195002246,81.949,101.47035,14
station-karnaphuli,PETROL,52,92.48042857142858,6.147629871175315,83.3199,100.61695,14
station-karnaphuli,PETROL,53,90.98,7.650981555933252,81.94409999999999,102.52550000000001,14
station-karnaphuli,PETROL,54,92.74135714285714,7.428445790516168,84.49889999999999,103.24745,14
station-karnaphuli,PETROL,55,93.6685,7.035641086638798,82.7233,102.31565,14
station-karnaphuli,PETROL,56,93.69335714285715,6.327879649822467,84.63875,102.16355,14
station-karnaphuli,PETROL,57,93.51292857142857,6.682780299618344,84.86495000000001,101.81415,14
station-karnaphuli,PETROL,58,92.89385714285716,7.16104105943717,82.49910000000001,102.7168,14
station-karnaphuli,PETROL,59,90.60221428571428,6.691177649350286,83.39235,101.0904,14
station-karnaphuli,PETROL,60,95.03328571428573,5.4534094829758555,88.08655,101.88799999999999,14
station-karnaphuli,PETROL,61,90.08278571428572,6.254219279550669,83.44835,100.52014999999999,14
station-karnaphuli,PETROL,62,91.77528571428572,5.705070274340602,83.9201,99.89495,14
station-karnaphuli,PETROL,63,96.595,6.000434304794429,86.57825,102.99884999999999,14
station-karnaphuli,PETROL,64,164.65685714285715,13.270277046885603,148.7846,182.95525,14
station-karnaphuli,PETROL,65,167.9187142857143,12.182686077624014,149.97575,182.60944999999998,14
station-karnaphuli,PETROL,66,168.80928571428572,10.31086269186771,153.71615,182.12895,14
station-karnaphuli,PETROL,67,164.4472142857143,10.387321829841568,151.58825,179.64225000000002,14
station-karnaphuli,PETROL,68,168.18542857142856,12.641007571296775,147.93215,181.01085,14
station-karnaphuli,PETROL,69,166.59,12.433298405120391,148.6508,181.89005,14
station-karnaphuli,PETROL,70,173.042,10.225947757467841,158.07999999999998,184.69755,14
station-karnaphuli,PETROL,71,166.23064285714284,13.429528519171951,148.176,184.8947,14
station-karnaphuli,PETROL,72,165.08735714285714,10.927045899665954,151.3989,180.9016,14
station-karnaphuli,PETROL,73,169.31021428571427,12.940871140445932,147.6156,185.49475,14
station-karnaphuli,PETROL,74,161.56792857142858,8.953238842102689,151.73265,174.63495,14
station-karnaphuli,PETROL,75,167.0527857142857,13.919235844291556,148.4991,185.85615,14
station-karnaphuli,PETROL,76,157.55264285714287,9.176683451570597,148.66915,171.90105,14
station-karnaphuli,PETROL,77,170.7062857142857,12.810580257251138,152.86565,186.14124999999999,14
station-karnaphuli,PETROL,78,161.42392857142858,6.574223434272395,151.94650000000001,170.5352,14
station-karnaphuli,PETROL,79,167.81242857142857,12.853454367865995,151.29325,184.3585,14
station-karnaphuli,PETROL,80,170.17857142857142,12.410985268731055,153.76555000000002,185.85155,14
station-karnaphuli,PETROL,81,173.2365714285714,14.355535371493385,148.72310000000002,186.57155,14
station-karnaphuli,PETROL,82,169.6182142857143,11.221957563898291,152.9368,184.5919,14
station-karnaphuli,PETROL,83,167.2507857142857,13.345435262109834,151.9793,186.1789,14
station-karnaphuli,PETROL,84,93.0085,6.4994506010419535,82.18145,101.76674999999999,14
station-karnaphuli,PETROL,85,92.71864285714285,5.349014123500384,84.07480000000001,99.76805,14
station-karnaphuli,PETROL,86,94.6522142857143,4.668175103474942,88.20215,100.51045,14
station-karnaphuli,PETROL,87,94.53385714285714,6.824529534161118,85.7838,102.92415,14
station-karnaphuli,PETROL,88,88.76778571428572,7.177900048370385,83.26585,102.43605,14
station-karnaphuli,PETROL,89,96.62014285714285,6.752657275896233,83.72654999999999,103.26265000000001,14
station-karnaphuli,PETROL,90,90.472,6.956493491142478,84.0074,102.65445,14
station-karnaphuli,PETROL,91,90.12049999999999,6.39109121235297,83.0281,99.19305,14
station-karnaphuli,PETROL,92,94.168,5.626228385530919,84.8534,101.19735,14
station-karnaphuli,PETROL,93,91.77250000000001,5.116889451008896,85.24465000000001,98.19165,14
station-karnaphuli,PETROL,94,92.50442857142856,6.738441724844168,82.43375,100.54725,14
station-karnaphuli,PETROL,95,95.93964285714286,5.395488950640481,88.16505,103.0723,14
station-mirpur,DIESEL,0,61.24471428571429,2.313790510714513,59.1043,65.85925,14
station-mirpur,DIESEL,1,64.05142857142857,3.3124456387826355,59.009,67.86645,14
station-mirpur,DIESEL,2,61.29035714285714,4.140552408465896,56.19755,66.6721,14
station-mirpur,DIESEL,3,64.12271428571428,3.239279844670403,57.78355,67.58725,14
station-mirpur,DIESEL,4,62.74785714285714,3.572982396932738,57.23935,67.12429999999999,14
station-mirpur,DIESEL,5,61.80614285714285,3.967569782375853,56.7494,67.19225,14
station-mirpur,DIESEL,6,61.58721428571429,4.498029913683946,55.836600000000004,67.72585000000001,14
station-mirpur,DIESEL,7,61.97521428571429,3.6876031443946697,56.71565,66.66664999999999,14
station-mirpur,DIESEL,8,62.250071428571424,4.086417322419116,56.53405,67.55775,14
station-mirpur,DIESEL,9,61.711642857142856,2.859912709995044,56.806799999999996,65.45575,14
station-mirpur,DIESEL,10,60.36521428571429,3.758408382006148,56.0015,66.15415,14
station-mirpur,DIESEL,11,62.463928571428575,3.2449459036449926,57.190799999999996,66.4806,14
station-mirpur,DIESEL,12,61.17885714285715,3.3093293733170324,58.3626,67.378,14
station-mirpur,DIESEL,13,60.96364285714286,3.733825602765634,57.260149999999996,66.6195,14
station-mirpur,DIESEL,14,60.39192857142857,3.393249870966355,56.9365,66.08235,14
station-mirpur,DIESEL,15,61.918642857142856,2.534909089771582,58.3761,65.699,14
station-mirpur,DIESEL,16,61.934571428571424,4.246632380066418,56.53555,67.419,14
station-mirpur,DIESEL,17,61.59564285714286,2.8200654822496274,57.3636,65.79615,14
station-mirpur,DIESEL,18,62.336357142857146,3.813705821560781,58.01555,67.575,14
station-mirpur,DIESEL,19,61.798,4.032073392952295,56.5555,67.6004,14
station-mirpur,DIESEL,20,63.50757142857143,4.3984548635643845,57.08,67.96415,14
station-mirpur,DIESEL,21,63.76571428571429,3.6513281972996627,57.3876,67.6101,14
station-mirpur,DIESEL,22,63.09257142857143,3.2704025090848656,58.47815,67.295,14
station-mirpur,DIESEL,23,62.407357142857144,2.862470708137471,58.43075,66.6415,14
station-mirpur,DIESEL,24,61.079571428571434,3.4514565869250875,56.027499999999996,66.03444999999999,14
station-mirpur,DIESEL,25,62.550285714285714,4.262032477019014,56.40925,67.7061,14
station-mirpur,DIESEL,26,61.43228571428572,2.963759655691279,57.727850000000004,66.17755,14
station-mirpur,DIESEL,27,63.72428571428571,3.697695944328483,57.3352,67.70935,14
station-mirpur,DIESEL,28,130.57128571428572,6.001138910221977,122.33655,138.0246,14
station-mirpur,DIESEL,29,127.3827857142857,7.631387223208468,117.5968,137.1062,14
station-mirpur,DIESEL,30,127.05600000000001,7.0534416258469665,117.6834,136.3868,14
station-mirpur,DIESEL,31,127.31135714285713,8.312145623281479,116.6247,139.87535,14
station-mirpur,DIESEL,32,127.24692857142857,5.874483184656605,122.0206,136.97575,14
station-mirpur,DIESEL,33,125.03385714285714,8.352300602985824,116.5329,137.88235,14
station-mirpur,DIESEL,34,130.18742857142857,6.730159510217202,119.38674999999999,138.1409,14
station-mirpur,DIESEL,35,129.69628571428572,8.395933277747961,118.79044999999999,140.0932,14
station-mirpur,DIESEL,36,128.1437857142857,7.147296360040044,117.78625,137.63085,14
station-mirpur,DIESEL,37,128.51014285714285,7.203498667657613,119.6759,139.1821,14
station-mirpur,DIESEL,38,128.48771428571428,8.435114849690702,117.48465,140.3039,14
station-mirpur,DIESEL,39,129.56264285714286,7.779557527531748,118.5629,139.095,14
station-mirpur,DIESEL,40,62.97714285714285,4.101218634224988,56.376,67.9519,14
station-mirpur,DIESEL,41,62.72421428571429,4.430854739187487,57.10505,67.57714999999999,14
station-mirpur,DIESEL,42,62.092357142857146,3.4755155811685055,56.43695,66.15180000000001,14
station-mirpur,DIESEL,43,62.439571428571426,3.1876582848008255,57.0119,65.90225,14
station-mirpur,DIESEL,44,62.135714285714286,4.15141298333974,56.70255,67.9287,14
station-mirpur,DIESEL,45,60.04557142857143,2.972063585464472,56.66,66.163,14
station-mirpur,DIESEL,46,63.22692857142857,4.40094109628464,56.22455,68.07130000000001,14
station-mirpur,DIESEL,47,60.64935714285714,3.8571316286975357,56.1419,65.8799,14
station-mirpur,DIESEL,48,61.17264285714286,3.75518006547966,55.9699,65.8347,14
station-mirpur,DIESEL,49,62.95842857142857,3.83353222767976,57.522000000000006,67.2244,14
station-mirpur,DIESEL,50,62.95578571428571,3.715367425221307,56.98735,67.5687,14
station-mirpur,DIESEL,51,62.30157142857143,3.637445568491198,56.8474,66.96655,14
station-mirpur,DIESEL,52,60.802214285714285,3.7266493752342806,56.7095,66.52175,14
station-mirpur,DIESEL,53,63.33257142857143,3.822859012959676,58.1091,67.78215,14
station-mirpur,DIESEL,54,63.08857142857143,3.882914284485216,57.4381,67.82495,14
station-mirpur,DIESEL,55,62.04978571428571,2.853389271579472,57.7466,66.7947,14
station-mirpur,DIESEL,56,62.702714285714286,3.5348702386927315,57.0914,67.3541,14
station-mirpur,DIESEL,57,62.17185714285715,2.6892022510872526,57.96625,65.3489,14
station-mirpur,DIESEL,58,62.79664285714286,4.034526597091332,56.5427,67.6356,14
station-mirpur,DIESEL,59,59.88514285714286,3.6642550897334343,56.08215,66.53895,14
station-mirpur,DIESEL,60,61.27021428571429,3.2068483012878106,56.99665,65.48115,14
station-mirpur,DIESEL,61,62.45092857142857,3.897742432669019,56.46615,67.52895,14
station-mirpur,DIESEL,62,61.54385714285714,4.042783425336537,56.25605,67.72095,14
station-mirpur,DIESEL,63,61.93564285714285,4.22638852207892,55.931999999999995,67.4889,14
station-mirpur,DIESEL,64,128.35271428571428,8.113525719709994,117.69615,139.37295,14
station-mirpur,DIESEL,65,129.61914285714286,7.66190033524665,119.50035,141.06045,14
station-mirpur,DIESEL,66,127.73492857142857,9.385149197324672,116.1555,140.97725,14
station-mirpur,DIESEL,67,130.29492857142856,6.315236525983876,121.1257,137.51695,14
station-mirpur,DIESEL,68,130.09642857142856,7.344418034380675,118.21865000000001,140.21314999999998,14
station-mirpur,DIESEL,69,130.09021428571427,6.7876929600402685,117.87645,139.53875,14
station-mirpur,DIESEL,70,130.144,7.932832222915283,119.17445000000001,141.1622,14
station-mirpur,DIESEL,71,129.9865,6.413866741437885,121.22500000000001,137.9365,14
station-mirpur,DIESEL,72,128.96007142857144,7.690029713499518,118.13085000000001,139.30515,14
station-mirpur,DIESEL,73,128.93935714285715,6.089528510321798,120.4775,136.19395,14
station-mirpur,DIESEL,74,126.81242857142857,7.532838117860365,117.52445,138.59635,14
station-mirpur,DIESEL,75,128.69985714285716,8.145907295711737,118.16315,139.0795,14
station-mirpur,DIESEL,76,127.86528571428572,8.177200267804391,117.1772,138.90905,14
station-mirpur,DIESEL,77,127.047,6.076664013952189,120.0638,135.76184999999998,14
station-mirpur,DIESEL,78,129.905,6.240880965918931,121.47645,139.5505,14
station-mirpur,DIESEL,79,130.15157142857143,6.626572506719686,120.9529,141.12365,14
station-mirpur,DIESEL,80,127.00957142857143,8.122339201848815,117.48565,139.47105,14
station-mirpur,DIESEL,81,131.497,6.699929069658986,121.17085,138.47605000000001,14
station-mirpur,DIESEL,82,132.77564285714286,7.507603854217949,120.0251,140.79735,14
station-mirpur,DIESEL,83,127.88442857142857,8.926224662491679,116.2728,137.95355,14
station-mirpur,DIESEL,84,59.906,3.1191186378403573,56.14495,65.4166,14
station-mirpur,DIESEL,85,64.48471428571428,2.821925977019991,59.80075,67.4439,14
station-mirpur,DIESEL,86,61.24342857142857,2.8514425961468817,57.692750000000004,65.7122,14
station-mirpur,DIESEL,87,62.94528571428572,3.1067361411213303,58.9129,67.31645,14
station-mirpur,DIESEL,88,59.793,3.3213591981411668,56.145649999999996,65.76474999999999,14
station-mirpur,DIESEL,89,59.71642857142857,3.342645283978768,55.95225,65.1707,14
station-mirpur,DIESEL,90,59.88314285714286,3.172243633507628,56.28995,65.46465,14
station-mirpur,DIESEL,91,61.62014285714286,3.572873135105756,57.1412,67.1734,14
station-mirpur,DIESEL,92,60.3765,3.4659759808746515,56.1608,66.61375,14
station-mirpur,DIESEL,93,62.363214285714285,3.5859782310586303,57.79815,67.15565,14
station-mirpur,DIESEL,94,61.735571428571426,4.169358550817465,56.0689,67.31689999999999,14
station-mirpur,DIESEL,95,62.57064285714286,3.401909500156163,57.15385,66.3818,14
station-mirpur,OCTANE,0,39.38457142857143,1.8814782941688624,36.9696,42.36565,14
station-mirpur,OCTANE,1,40.54078571428572,2.256233388724582,37.60825,43.73635,14
station-mirpur,OCTANE,2,40.324714285714286,2.095835079704192,37.51925,43.5633,14
station-mirpur,OCTANE,3,41.66535714285715,2.4995960783584725,37.1435,44.1752,14
station-mirpur,OCTANE,4,39.20807142857143,2.355764957071701,37.01095,43.26345,14
station-mirpur,OCTANE,5,39.93264285714286,2.475284213895535,37.08405,43.045449999999995,14
station-mirpur,OCTANE,6,41.43364285714286,2.0862220402198086,38.689499999999995,44.3916,14
station-mirpur,OCTANE,7,41.157642857142854,2.6946261795011104,37.2753,44.721700000000006,14
station-mirpur,OCTANE,8,40.168642857142856,2.3154421610350995,37.21155,43.24825,14
station-mirpur,OCTANE,9,41.046,2.3453603954649247,37.36125,44.2744,14
station-mirpur,OCTANE,10,39.76721428571428,1.8149894756453266,37.016,42.02125,14
station-mirpur,OCTANE,11,39.97864285714286,2.1688122097357585,37.1739,43.260149999999996,14
station-mirpur,OCTANE,12,40.12235714285714,1.892259276719147,37.88135,42.76505,14
station-mirpur,OCTANE,13,41.555071428571424,2.3425190407004073,38.573,44.82655,14
station-mirpur,OCTANE,14,41.94428571428572,2.158177415839984,39.15895,44.80355,14
station-mirpur,OCTANE,15,40.25935714285714,2.7049077790946203,36.863,44.14945,14
station-mirpur,OCTANE,16,41.086214285714284,2.443204080980279,37.920249999999996,44.3224,14
station-mirpur,OCTANE,17,41.19,2.6059823778848066,37.53605,44.4417,14
station-mirpur,OCTANE,18,41.10485714285714,2.7581558737997063,37.28765,44.357099999999996,14
station-mirpur,OCTANE,19,40.18864285714285,2.601410552495964,37.45685,44.2619,14
station-mirpur,OCTANE,20,40.71435714285714,2.0896467720330483,37.6105,43.711149999999996,14
station-mirpur,OCTANE,21,41.78557142857143,2.665172262127383,37.73965,44.58205,14
station-mirpur,OCTANE,22,41.6305,2.6248503766881646,38.13335,44.743249999999996,14
station-mirpur,OCTANE,23,40.28807142857143,2.628864436458205,36.912150000000004,44.3997,14
station-mirpur,OCTANE,24,40.26164285714286,2.155864081884672,37.17835,43.6886,14
station-mirpur,OCTANE,25,40.80471428571428,2.271508256256568,37.97605,44.2651,14
station-mirpur,OCTANE,26,40.93057142857143,2.061865910520623,37.4989,43.294000000000004,14
station-mirpur,OCTANE,27,40.81807142857143,2.117671960660346,37.33025,43.23885,14
station-mirpur,OCTANE,28,84.15235714285714,5.995562636164832,76.90015,92.55915,14
station-mirpur,OCTANE,29,83.86471428571429,5.329185598462218,76.7241,92.53684999999999,14
station-mirpur,OCTANE,30,83.17257142857143,4.847095176324854,76.4297,89.6036,14
station-mirpur,OCTANE,31,85.93014285714285,4.782009086262685,79.53395,91.92105000000001,14
station-mirpur,OCTANE,32,85.13092857142858,4.958752967683052,77.5149,91.1463,14
station-mirpur,OCTANE,33,85.88528571428571,4.446983116132199,79.8738,92.3593,14
station-mirpur,OCTANE,34,83.82385714285715,5.325087429504623,76.27289999999999,90.83924999999999,14
station-mirpur,OCTANE,35,83.89649999999999,4.405448422997631,78.45225,89.80965,14
station-mirpur,OCTANE,36,82.88714285714286,4.51541101046257,77.3319,90.00385,14
station-mirpur,OCTANE,37,84.6797142857143,5.088572346687481,78.59935,91.18275,14
station-mirpur,OCTANE,38,82.40907142857144,4.820187044954965,76.90495,91.1521,14
station-mirpur,OCTANE,39,82.59678571428572,4.927788631496209,76.44945,89.3709,14
station-mirpur,OCTANE,40,40.345928571428566,2.2429276357298913,37.0611,43.621750000000006,14
station-mirpur,OCTANE,41,41.4465,2.5756260105368263,37.1581,44.41345,14
station-mirpur,OCTANE,42,41.145357142857144,2.4145316987307957,37.94045,44.33855,14
station-mirpur,OCTANE,43,41.704,2.2703503287784934,38.593199999999996,44.74105,14
station-mirpur,OCTANE,44,40.87171428571428,2.3715409929661084,37.534150000000004,43.82385,14
station-mirpur,OCTANE,45,40.34092857142857,2.839334170710983,36.88775,44.73735,14
station-mirpur,OCTANE,46,41.07185714285714,1.9623104458047136,38.49315,43.77845,14
station-mirpur,OCTANE,47,42.693285714285715,1.6263680834476384,40.29505,44.52275,14
station-mirpur,OCTANE,48,42.13392857142857,2.5034543047645106,38.011649999999996,44.892300000000006,14
station-mirpur,OCTANE,49,39.379571428571424,1.9366532477957437,37.342400000000005,42.63005,14
station-mirpur,OCTANE,50,40.869214285714285,1.9171037923256649,37.81635,43.304649999999995,14
station-mirpur,OCTANE,51,41.61828571428571,2.759759087271971,37.741949999999996,44.47295,14
station-mirpur,OCTANE,52,41.01414285714286,2.278366616583125,38.156150000000004,43.847500000000004,14
station-mirpur,OCTANE,53,40.58614285714286,2.5686678635834945,37.65045,44.6077,14
station-mirpur,OCTANE,54,40.55864285714286,1.84430806733928,37.92055,43.511950000000006,14
station-mirpur,OCTANE,55,41.39757142857143,2.3421789235432278,37.89925,44.1283,14
station-mirpur,OCTANE,56,40.265142857142855,2.09698790786077,37.2977,43.8521,14
station-mirpur,OCTANE,57,40.145857142857146,1.8528816582719034,37.438,42.3756,14
station-mirpur,OCTANE,58,41.42635714285715,1.9480222557227624,38.81405,43.814099999999996,14
station-mirpur,OCTANE,59,40.815714285714286,1.7569360317838036,38.384,43.73215,14
station-mirpur,OCTANE,60,41.375499999999995,2.1882709981943425,38.10535,44.23745,14
station-mirpur,OCTANE,61,40.99464285714286,2.2317016828193896,37.07565,43.66265,14
station-mirpur,OCTANE,62,40.40235714285715,2.292255375997887,37.30555,44.1217,14
station-mirpur,OCTANE,63,41.025214285714284,2.534592371370784,37.15035,44.469049999999996,14
station-mirpur,OCTANE,64,85.83757142857144,4.1295585294740205,80.14675,91.1771,14
station-mirpur,OCTANE,65,82.434,5.589921122327769,76.6187,91.93115,14
station-mirpur,OCTANE,66,85.3115,5.069717557752564,77.50525,92.74189999999999,14
station-mirpur,OCTANE,67,84.59085714285713,3.7917124375130538,79.4419,90.99499999999999,14
station-mirpur,OCTANE,68,83.22607142857143,5.298635694711866,76.61535,89.98285,14
station-mirpur,OCTANE,69,85.95821428571428,4.392593104456488,80.30884999999999,90.9021,14
station-mirpur,OCTANE,70,82.619,4.411906617325439,77.70125,89.82390000000001,14
station-mirpur,OCTANE,71,82.72014285714286,5.069933497623973,76.53825,91.5717,14
station-mirpur,OCTANE,72,85.56892857142857,5.248514902980952,77.45385,92.11529999999999,14
station-mirpur,OCTANE,73,84.74857142857142,4.837124618141297,79.03264999999999,91.9068,14
station-mirpur,OCTANE,74,85.40478571428571,3.8878584015559867,80.2124,90.7026,14
station-mirpur,OCTANE,75,83.9412142857143,4.640287162509387,78.14,90.34555,14
station-mirpur,OCTANE,76,84.4587142857143,5.046085389511531,77.52785,92.3013,14
station-mirpur,OCTANE,77,84.63507142857144,4.984449101020025,77.8298,91.5639,14
station-mirpur,OCTANE,78,84.43471428571429,5.672433508829163,76.735,91.8845,14
station-mirpur,OCTANE,79,84.67835714285715,4.646012825028538,77.46545,90.878,14
station-mirpur,OCTANE,80,86.84921428571428,4.561858261356144,79.43575,92.6561,14
station-mirpur,OCTANE,81,83.77214285714285,5.049838837598116,78.49405,91.75800000000001,14
station-mirpur,OCTANE,82,82.95228571428571,5.526020747038806,76.52714999999999,92.397,14
station-mirpur,OCTANE,83,83.40278571428573,5.12510103733157,76.26835,91.22625000000001,14
station-mirpur,OCTANE,84,39.94892857142857,1.7384847719200198,37.44255,42.1737,14
station-mirpur,OCTANE,85,41.0595,3.0472143836625607,37.335350000000005,44.51735,14
station-mirpur,OCTANE,86,41.64364285714286,2.0973699503881527,38.265750000000004,44.3782,14
station-mirpur,OCTANE,87,40.48435714285715,2.5906090940205493,37.002950000000006,43.540150000000004,14
station-mirpur,OCTANE,88,41.5745,1.634621327591007,38.90385,43.3913,14
station-mirpur,OCTANE,89,40.701928571428574,2.633459306232471,37.51415,44.44385,14
station-mirpur,OCTANE,90,41.31028571428572,2.253955136696771,37.7748,43.889199999999995,14
station-mirpur,OCTANE,91,40.212785714285715,2.287072404039426,37.3572,44.15025,14
station-mirpur,OCTANE,92,41.50785714285714,2.854613751513447,37.54325,44.832300000000004,14
station-mirpur,OCTANE,93,40.20764285714286,2.255327116207072,37.22255,43.56125,14
station-mirpur,OCTANE,94,39.686571428571426,2.305841935815861,37.30545,43.5451,14
station-mirpur,OCTANE,95,41.57514285714286,2.435988090697897,38.6034,44.6697,14
station-mirpur,PETROL,0,75.24671428571428,4.505748148046711,69.72710000000001,81.8322,14
station-mirpur,PETROL,1,75.67335714285714,4.768890059657373,69.24445,83.21955,14
station-mirpur,PETROL,2,77.28999999999999,4.307586848983837,71.50215,83.77875,14
station-mirpur,PETROL,3,74.97985714285714,4.194678714333615,69.92935,81.2816,14
station-mirpur,PETROL,4,76.624,5.0997248342058,69.9965,84.14845,14
station-mirpur,PETROL,5,75.8457142857143,5.207220511035558,69.8921,83.26389999999999,14
station-mirpur,PETROL,6,75.60535714285713,4.101255560231486,70.2135,81.69924999999999,14
station-mirpur,PETROL,7,78.75750000000001,4.466577759830827,73.24239999999999,83.73115,14
station-mirpur,PETROL,8,75.17421428571429,4.089121180336005,69.9923,79.63185,14
station-mirpur,PETROL,9,75.68728571428572,4.555127042534198,69.8359,82.73405,14
station-mirpur,PETROL,10,75.498,3.5235059463333043,70.5616,80.0581,14
station-mirpur,PETROL,11,79.4425,5.208528180560447,69.89885,83.50465,14
station-mirpur,PETROL,12,75.16621428571429,4.812799939561356,69.059,83.6326,14
station-mirpur,PETROL,13,75.53764285714286,4.554535230990058,69.845,82.25055,14
station-mirpur,PETROL,14,76.01564285714286,2.6947101344655247,72.2813,79.9606,14
station-mirpur,PETROL,15,75.66228571428572,4.1614158912298365,70.2684,81.49985,14
station-mirpur,PETROL,16,74.9095,3.9350186735946333,70.26995,81.1829,14
station-mirpur,PETROL,17,78.19921428571429,4.783410228287757,71.35055,83.20360000000001,14
station-mirpur,PETROL,18,76.16807142857144,4.592818197414906,69.2463,82.98885,14
station-mirpur,PETROL,19,79.348,3.9582375059925594,72.58234999999999,83.7752,14
station-mirpur,PETROL,20,75.81500000000001,3.7683208462125393,71.70745,81.96365,14
station-mirpur,PETROL,21,76.63342857142857,4.061194419119839,71.55225,82.6834,14
station-mirpur,PETROL,22,77.62657142857142,4.431809644521602,71.26685,83.3712,14
station-mirpur,PETROL,23,77.41057142857143,4.480859270519195,71.23395000000001,82.50715,14
station-mirpur,PETROL,24,76.46050000000001,4.989241961075234,68.95660000000001,82.76825000000001,14
station-mirpur,PETROL,25,76.93385714285715,4.88851580208684,70.23065,83.57485,14
station-mirpur,PETROL,26,76.48078571428572,3.984024582457595,70.66709999999999,82.52745,14
station-mirpur,PETROL,27,75.45907142857142,4.577479142737606,69.02284999999999,82.4422,14
station-mirpur,PETROL,28,157.88157142857145,8.789136613887763,147.14759999999998,172.97695,14
station-mirpur,PETROL,29,155.52228571428572,9.67374110616007,145.843,171.63035000000002,14
station-mirpur,PETROL,30,161.3595,7.6690936958277245,148.4091,168.99069999999998,14
station-mirpur,PETROL,31,160.50435714285715,10.954321280152017,144.80644999999998,172.23185,14
station-mirpur,PETROL,32,158.02992857142857,10.862096585156793,144.91495,172.33589999999998,14
station-mirpur,PETROL,33,161.44357142857143,9.379429913086692,147.2134,172.4424,14
station-mirpur,PETROL,34,157.97492857142856,9.826505603678289,144.23015,171.9612,14
station-mirpur,PETROL,35,162.50635714285713,8.54613297712113,149.20794999999998,172.0974,14
station-mirpur,PETROL,36,158.92392857142858,8.891006947076757,146.21540000000002,173.21175,14
station-mirpur,PETROL,37,159.79435714285714,6.925948717097755,150.84135,170.6814,14
station-mirpur,PETROL,38,157.03207142857144,10.03758503337321,145.13195,172.7571,14
station-mirpur,PETROL,39,159.1557857142857,9.12448493955072,145.39005,172.21810000000002,14
station-mirpur,PETROL,40,78.949,4.071498911287509,72.2021,83.19235,14
station-mirpur,PETROL,41,76.31885714285714,4.95251067419566,70.47840000000001,82.9225,14
station-mirpur,PETROL,42,75.229,4.341540102491102,69.47575,83.2911,14
station-mirpur,PETROL,43,75.96257142857144,4.033032199880722,70.08825,81.7345,14
station-mirpur,PETROL,44,75.58742857142856,5.157001733480501,69.5216,82.42615,14
station-mirpur,PETROL,45,77.96907142857143,4.865638268895075,70.20305,83.1866,14
station-mirpur,PETROL,46,76.03642857142857,4.554492823478905,70.94155,82.64495000000001,14
station-mirpur,PETROL,47,76.07014285714286,4.931468744504217,69.02825,82.40615,14
station-mirpur,PETROL,48,75.72464285714285,4.169849777909232,70.01554999999999,81.53744999999999,14
station-mirpur,PETROL,49,76.88592857142858,4.951232984967337,70.2783,83.75995,14
station-mirpur,PETROL,50,77.152,4.944265333930584,69.234,83.63785,14
station-mirpur,PETROL,51,77.16157142857142,5.241331814225577,70.30205000000001,83.0146,14
station-mirpur,PETROL,52,76.75699999999999,4.036420996568428,70.74985000000001,81.44255000000001,14
station-mirpur,PETROL,53,76.65585714285714,4.5170330776047924,69.4406,82.9404,14
station-mirpur,PETROL,54,76.63714285714286,4.602900721821519,71.1668,83.87774999999999,14
station-mirpur,PETROL,55,74.9005,4.567464853976186,69.53735,83.30275,14
station-mirpur,PETROL,56,77.87064285714284,4.337035261862345,70.32185,82.58619999999999,14
station-mirpur,PETROL,57,76.06500000000001,4.387990305718205,70.0921,81.9825,14
station-mirpur,PETROL,58,77.20757142857143,4.368075402883369,70.7452,82.68445,14
station-mirpur,PETROL,59,77.67485714285715,3.5202786353255715,72.69965,83.13785,14
station-mirpur,PETROL,60,72.46642857142857,3.7745480364039534,69.28370000000001,79.8568,14
station-mirpur,PETROL,61,75.52042857142858,4.386655002378245,70.04315000000001,82.6944,14
station-mirpur,PETROL,62,76.52492857142856,5.053859415783696,69.91775,83.14495,14
station-mirpur,PETROL,63,77.01514285714286,4.966136183534095,70.9679,83.81205,14
station-mirpur,PETROL,64,161.2800714285714,8.634711205934476,144.5091,171.17645,14
station-mirpur,PETROL,65,159.4372142857143,8.461786865110076,147.14575000000002,169.65525,14
station-mirpur,PETROL,66,157.18992857142857,10.021602447208224,145.2098,171.75455,14
station-mirpur,PETROL,67,155.59292857142856,9.213664705327512,146.10735,169.7705,14
station-mirpur,PETROL,68,156.067,8.114022231250711,144.78574999999998,169.17415,14
station-mirpur,PETROL,69,156.11957142857142,9.281515996151334,143.7903,169.71685,14
station-mirpur,PETROL,70,159.64821428571426,8.224267497694031,146.1183,171.642,14
station-mirpur,PETROL,71,152.6732857142857,7.902704448756495,143.00705,163.58895,14
station-mirpur,PETROL,72,158.46114285714287,8.278039463703797,148.39005,169.63505,14
station-mirpur,PETROL,73,160.42485714285712,9.278050117240255,147.57184999999998,172.686,14
station-mirpur,PETROL,74,150.79749999999999,6.289133702726415,143.63094999999998,160.4072,14
station-mirpur,PETROL,75,163.21014285714287,11.223324324864668,144.595,174.12210000000002,14
station-mirpur,PETROL,76,155.09650000000002,9.155513376775092,144.7636,171.07915,14
station-mirpur,PETROL,77,158.96421428571426,7.880078984166546,145.62135,171.0667,14
station-mirpur,PETROL,78,161.9592857142857,7.631491369809218,149.69074999999998,171.57325,14
station-mirpur,PETROL,79,162.61564285714286,7.736868394573158,150.16215,171.9435,14
station-mirpur,PETROL,80,157.13364285714286,8.183079113983583,147.0664,168.98395,14
station-mirpur,PETROL,81,161.77185714285716,10.250473804112241,145.12775,173.36885,14
station-mirpur,PETROL,82,155.34671428571428,8.403774302506731,143.44695,166.99015,14
station-mirpur,PETROL,83,154.2192142857143,9.541045880248717,143.87949999999998,170.163,14
station-mirpur,PETROL,84,75.86878571428572,5.110226025086615,69.25825,82.53869999999999,14
station-mirpur,PETROL,85,75.37678571428572,5.020268276291028,69.8417,83.3519,14
station-mirpur,PETROL,86,76.72207142857143,4.788646451833686,69.5835,83.8155,14
station-mirpur,PETROL,87,77.72557142857143,3.8926669266966307,71.00605,82.10065,14
station-mirpur,PETROL,88,77.20314285714286,3.581588406906007,72.82845,82.8027,14
station-mirpur,PETROL,89,75.48742857142858,4.954416719752892,69.50835000000001,82.14905,14
station-mirpur,PETROL,90,78.40928571428572,3.8832738057661405,73.3991,83.48715,14
station-mirpur,PETROL,91,75.76414285714284,4.945297951001116,69.7513,82.10555,14
station-mirpur,PETROL,92,75.75757142857142,4.810470914326624,69.2633,82.8031,14
station-mirpur,PETROL,93,73.83500000000001,3.4326564953960372,69.7686,79.2529,14
station-mirpur,PETROL,94,78.55942857142858,3.4533260158039787,73.473,82.99045000000001,14
station-mirpur,PETROL,95,73.71128571428572,4.054570249988021,69.1302,79.5801,14
station-tongi,DIESEL,0,67.10214285714285,2.8004432576934044,62.830799999999996,70.31085,14
station-tongi,DIESEL,1,65.87621428571428,3.663154193158834,61.07765,70.3159,14
station-tongi,DIESEL,2,65.67535714285714,3.4502278543963967,60.64925,70.57390000000001,14
station-tongi,DIESEL,3,65.6425,3.00351250141461,61.230599999999995,69.5031,14
station-tongi,DIESEL,4,65.26192857142857,3.0975455410890835,61.3563,70.7213,14
station-tongi,DIESEL,5,65.5,2.9576951785521763,61.56765,69.50145,14
station-tongi,DIESEL,6,66.27085714285714,2.450862167205114,63.24045,69.7286,14
station-tongi,DIESEL,7,66.09271428571428,3.283812990753547,60.519800000000004,70.24980000000001,14
station-tongi,DIESEL,8,64.30392857142857,3.045640881509322,61.16185,69.14995,14
station-tongi,DIESEL,9,65.69685714285714,2.945699286368907,61.57785,69.9152,14
station-tongi,DIESEL,10,66.79142857142857,2.80544700165961,62.94565,70.28880000000001,14
station-tongi,DIESEL,11,65.54707142857143,3.386412839212373,61.5287,70.7128,14
station-tongi,DIESEL,12,65.30885714285714,2.910264932617299,60.53175,68.8432,14
station-tongi,DIESEL,13,64.10842857142858,2.5301766345845835,61.09775,68.13929999999999,14
station-tongi,DIESEL,14,66.90571428571428,3.144502441467587,61.794850000000004,70.36919999999999,14
station-tongi,DIESEL,15,64.88042857142857,2.6598403860233484,61.5957,69.13145,14
station-tongi,DIESEL,16,65.36628571428572,3.0748100736486146,61.95355,69.6904,14
station-tongi,DIESEL,17,64.70878571428571,3.5794773399859006,60.73295,69.70315000000001,14
station-tongi,DIESEL,18,64.72164285714287,3.3431228056125297,60.73975,69.7139,14
station-tongi,DIESEL,19,64.47142857142858,2.6492492032006574,61.092,69.051,14
station-tongi,DIESEL,20,65.59764285714286,3.3966960554937247,60.99205,70.23455,14
station-tongi,DIESEL,21,66.4555,4.013142481512849,61.230000000000004,70.7985,14
station-tongi,DIESEL,22,66.91092857142857,3.1137644904837947,62.7673,70.56775,14
station-tongi,DIESEL,23,65.86642857142857,3.0102952503874922,61.530550000000005,70.571,14
station-tongi,DIESEL,24,225.48957142857142,9.397579415951787,212.1771,238.94514999999998,14
station-tongi,DIESEL,25,228.49871428571427,11.143203416146832,211.25580000000002,240.8796,14
station-tongi,DIESEL,26,229.01807142857143,11.163465160026298,211.49175,242.20755,14
station-tongi,DIESEL,27,224.26014285714285,11.063478913539344,210.11565000000002,240.7833,14
station-tongi,DIESEL,28,221.49785714285716,9.568784183335556,209.0001,234.83125,14
station-tongi,DIESEL,29,227.51028571428574,11.917423414277307,209.92365,240.50995,14
station-tongi,DIESEL,30,222.84992857142856,9.637372187832803,210.7533,236.4343,14
station-tongi,DIESEL,31,225.15985714285713,9.834730623639905,209.99365,238.9596,14
station-tongi,DIESEL,32,224.98635714285714,8.231011981965082,214.21935,236.97925,14
station-tongi,DIESEL,33,226.68185714285713,10.157899971164106,214.2536,242.8818,14
station-tongi,DIESEL,34,227.65078571428572,10.406448320289554,215.20965,242.00424999999998,14
station-tongi,DIESEL,35,221.69492857142856,9.274049090498012,213.35995,240.04469999999998,14
station-tongi,DIESEL,36,232.57814285714286,10.480168964119024,218.2747,243.5965,14
station-tongi,DIESEL,37,226.94042857142858,11.540263999875096,209.52255,241.0694,14
station-tongi,DIESEL,38,227.549,11.833692791217937,210.7255,242.022,14
station-tongi,DIESEL,39,226.30942857142855,11.226896096252252,209.2372,242.79595,14
station-tongi,DIESEL,40,225.59285714285716,10.828087243952057,211.14775,238.10065,14
station-tongi,DIESEL,41,220.98671428571427,11.2654886228733,209.12255000000002,238.1941,14
station-tongi,DIESEL,42,222.13885714285715,8.648689147958887,213.46235,236.8061,14
station-tongi,DIESEL,43,224.54307142857144,10.633126036222732,210.97705,240.65535,14
station-tongi,DIESEL,44,224.0207142857143,8.68459020271025,209.5023,233.4647,14
station-tongi,DIESEL,45,231.4799285714286,9.06306228145777,215.61079999999998,241.9471,14
station-tongi,DIESEL,46,229.24557142857142,8.971333849153478,215.9024,240.29315,14
station-tongi,DIESEL,47,222.8487857142857,14.722058740744583,208.66695,242.26905,14
station-tongi,DIESEL,48,223.19564285714287,9.062988338945832,212.30295,237.5495,14
station-tongi,DIESEL,49,227.30592857142855,8.141657868067126,215.38945,239.03575,14
station-tongi,DIESEL,50,229.4192142857143,8.676484197385049,216.85555,241.2412,14
station-tongi,DIESEL,51,226.95242857142856,11.20160156622042,210.88675,240.782,14
station-tongi,DIESEL,52,227.24285714285716,12.42529074018077,211.9436,243.09005000000002,14
station-tongi,DIESEL,53,222.99235714285714,10.44069189872854,209.16775,236.6332,14
station-tongi,DIESEL,54,222.6582857142857,11.40693444578996,209.14284999999998,237.91965,14
station-tongi,DIESEL,55,222.8322142857143,9.595680335671648,210.66740000000001,237.79075,14
station-tongi,DIESEL,56,224.8162857142857,11.727971976489318,210.50985,239.8152,14
station-tongi,DIESEL,57,227.97335714285714,10.691318639309788,213.06685000000002,242.4008,14
station-tongi,DIESEL,58,229.45728571428572,12.057120841602725,212.5058,243.16195,14
station-tongi,DIESEL,59,224.9595,7.9298042729749865,212.9444,235.77465,14
station-tongi,DIESEL,60,225.61385714285714,12.309926793865575,208.11185,241.4023,14
station-tongi,DIESEL,61,221.51885714285714,10.046994092051323,209.67655000000002,238.9914,14
station-tongi,DIESEL,62,231.1567142857143,8.712670653254827,216.37470000000002,242.1339,14
station-tongi,DIESEL,63,224.95778571428573,12.462938776650933,209.57105,242.45465000000002,14
station-tongi,DIESEL,64,225.377,10.0318579228683,209.67135,236.773,14
station-tongi,DIESEL,65,224.23114285714286,10.231296645828662,212.56085000000002,239.5594,14
station-tongi,DIESEL,66,231.11835714285715,11.047367793747506,215.335,242.93949999999998,14
station-tongi,DIESEL,67,227.53542857142858,10.424450767412056,213.37009999999998,242.64875,14
station-tongi,DIESEL,68,228.8087142857143,8.298466924480888,216.13085,242.36034999999998,14
station-tongi,DIESEL,69,227.9082857142857,8.159686630752928,215.56385,238.7379,14
station-tongi,DIESEL,70,222.12807142857145,7.11022594539059,213.24365,234.7216,14
station-tongi,DIESEL,71,228.847,9.55708697169882,214.9606,240.821,14
station-tongi,DIESEL,72,64.48985714285713,2.9024468154444305,60.93175,69.55605,14
station-tongi,DIESEL,73,64.30071428571429,3.1008988381428386,60.97095,68.8054,14
station-tongi,DIESEL,74,65.30357142857143,2.896721534485435,61.5582,69.7084,14
station-tongi,DIESEL,75,66.12678571428572,2.625137862418525,63.301050000000004,70.03875,14
station-tongi,DIESEL,76,64.25807142857143,3.243740041378771,60.5423,70.25274999999999,14
station-tongi,DIESEL,77,65.76021428571428,3.23728110465394,62.0506,70.70689999999999,14
station-tongi,DIESEL,78,64.72764285714285,3.177001092155999,61.118700000000004,69.52839999999999,14
station-tongi,DIESEL,79,66.84071428571428,2.1145029031601044,63.83855,69.48965,14
station-tongi,DIESEL,80,65.13992857142857,3.2612487335678297,60.8359,70.09174999999999,14
station-tongi,DIESEL,81,64.78478571428572,3.2815172658290366,61.35045,69.80265,14
station-tongi,DIESEL,82,65.84714285714286,2.8736854883083995,61.9993,69.96545,14
station-tongi,DIESEL,83,66.39078571428571,2.771640785321416,62.9963,70.25365000000001,14
station-tongi,DIESEL,84,65.22185714285715,2.631988451492747,61.645849999999996,69.0785,14
station-tongi,DIESEL,85,65.65928571428572,3.1977236477645374,60.61255,69.5046,14
station-tongi,DIESEL,86,64.80642857142857,2.7209389418498042,61.36605,69.14405000000001,14
station-tongi,DIESEL,87,64.72942857142857,3.2360953612051038,61.0202,69.4452,14
station-tongi,DIESEL,88,66.97428571428571,2.0694699963841123,63.59605,69.77635,14
station-tongi,DIESEL,89,65.15935714285715,2.817885120963069,62.18585,70.1179,14
station-tongi,DIESEL,90,65.21764285714286,2.948370934996077,61.6941,69.8352,14
station-tongi,DIESEL,91,64.61542857142857,2.4125949870271564,61.37435,67.85155,14
station-tongi,DIESEL,92,65.74992857142857,2.275133249328006,62.182,68.25744999999999,14
station-tongi,DIESEL,93,65.41514285714285,3.311738373565318,60.663599999999995,70.34555,14
station-tongi,DIESEL,94,64.26907142857144,3.2640451887964885,60.56455,68.8229,14
station-tongi,DIESEL,95,65.19592857142857,3.166899076973603,60.61755,69.41185,14
station-tongi,OCTANE,0,10.442071428571428,0.4059409703744771,9.88585,11.01615,14
station-tongi,OCTANE,1,10.458714285714285,0.5204695259787335,9.80075,11.0974,14
station-tongi,OCTANE,2,10.291285714285715,0.46478041607283216,9.656649999999999,11.01075,14
station-tongi,OCTANE,3,10.324071428571429,0.5708562346680123,9.605,11.0331,14
station-tongi,OCTANE,4,10.256285714285713,0.47876562895902164,9.591600000000001,10.8582,14
station-tongi,OCTANE,5,10.236928571428573,0.5979460310462442,9.58085,11.0958,14
station-tongi,OCTANE,6,10.148285714285715,0.48585933839260176,9.521799999999999,10.9794,14
station-tongi,OCTANE,7,10.213285714285714,0.47137906166928933,9.63735,10.9406,14
station-tongi,OCTANE,8,10.123000000000001,0.37405079868916197,9.6676,10.7141,14
station-tongi,OCTANE,9,10.225714285714286,0.4692018474242973,9.52395,10.83625,14
station-tongi,OCTANE,10,10.442714285714287,0.4523273879990755,9.76535,11.04175,14
station-tongi,OCTANE,11,10.414285714285715,0.43678729704187014,9.77135,11.0917,14
station-tongi,OCTANE,12,10.037214285714287,0.26737014923752606,9.6108,10.3665,14
station-tongi,OCTANE,13,10.402071428571428,0.38945473999618296,9.82415,10.89675,14
station-tongi,OCTANE,14,10.209571428571428,0.44187950224636413,9.67125,10.918949999999999,14
station-tongi,OCTANE,15,10.4435,0.4943105143686353,9.84255,11.05485,14
station-tongi,OCTANE,16,10.281357142857143,0.5324059479444168,9.5961,11.0922,14
station-tongi,OCTANE,17,10.352428571428572,0.34455784694316555,9.88465,10.8344,14
station-tongi,OCTANE,18,10.520214285714285,0.556435659224985,9.6089,11.10695,14
station-tongi,OCTANE,19,10.282214285714286,0.5172611568594768,9.62165,10.951,14
station-tongi,OCTANE,20,10.266071428571427,0.4076913357856961,9.750150000000001,10.818950000000001,14
station-tongi,OCTANE,21,10.339214285714286,0.46136155996245376,9.560500000000001,11.01495,14
station-tongi,OCTANE,22,10.430214285714285,0.5062778468803059,9.783900000000001,11.1004,14
station-tongi,OCTANE,23,10.478142857142856,0.4694633363488828,9.85725,11.038200000000002,14
station-tongi,OCTANE,24,36.117714285714285,1.402247998946494,34.2487,37.84845,14
station-tongi,OCTANE,25,35.545428571428566,1.4363109109684538,33.2393,37.2228,14
station-tongi,OCTANE,26,35.48592857142857,1.6484057782870407,33.37375,38.141099999999994,14
station-tongi,OCTANE,27,35.61992857142857,1.7031686968383708,33.26395,37.7969,14
station-tongi,OCTANE,28,35.8865,1.5781128822840176,33.539699999999996,37.83535,14
station-tongi,OCTANE,29,35.41907142857143,1.672250692665689,33.15945,37.66575,14
station-tongi,OCTANE,30,35.382357142857146,1.7655655710605265,32.8728,38.11945,14
station-tongi,OCTANE,31,36.02278571428572,1.3584565437726308,33.9978,37.81075,14
station-tongi,OCTANE,32,36.03414285714286,1.3905673361917839,33.766,37.62485,14
station-tongi,OCTANE,33,35.223,1.4950047594470153,33.39995,37.356899999999996,14
station-tongi,OCTANE,34,35.503214285714286,1.6904939732594044,33.2507,37.94115,14
station-tongi,OCTANE,35,35.324642857142855,1.22753991676554,33.6612,37.3245,14
station-tongi,OCTANE,36,35.77692857142857,1.9108202614135599,33.0424,37.894600000000004,14
station-tongi,OCTANE,37,35.03407142857143,1.9242643934875354,32.771,37.86465,14
station-tongi,OCTANE,38,35.27,1.5005417995869652,33.417300000000004,38.108399999999996,14
station-tongi,OCTANE,39,35.18807142857143,1.6326187771272784,33.16235,37.6639,14
station-tongi,OCTANE,40,35.316785714285714,1.8346454773259413,32.86745,37.8212,14
station-tongi,OCTANE,41,35.557857142857145,1.5482223979152983,33.684,37.6697,14
station-tongi,OCTANE,42,34.87207142857143,1.391882480908263,33.2269,37.0094,14
station-tongi,OCTANE,43,35.91442857142857,1.8326514509473266,33.2073,37.913700000000006,14
station-tongi,OCTANE,44,36.574999999999996,1.5299931623778849,34.330349999999996,38.20925,14
station-tongi,OCTANE,45,35.252071428571426,1.7698207412175837,32.890049999999995,37.625499999999995,14
station-tongi,OCTANE,46,34.99842857142857,1.8125399821281707,32.82965,37.962,14
station-tongi,OCTANE,47,35.655857142857144,0.976888298247424,34.317750000000004,36.73555,14
station-tongi,OCTANE,48,35.72407142857143,1.8559832336894264,33.2036,38.128,14
station-tongi,OCTANE,49,35.74914285714286,1.6631631520478314,33.26285,37.87995,14
station-tongi,OCTANE,50,35.567928571428574,1.9570679978865442,33.3036,38.236200000000004,14
station-tongi,OCTANE,51,35.49764285714286,1.6516018614639576,32.994350000000004,37.366,14
station-tongi,OCTANE,52,35.4345,1.575924722431003,33.79175,37.79905,14
station-tongi,OCTANE,53,34.778214285714284,1.619748896900687,32.709999999999994,37.2231,14
station-tongi,OCTANE,54,36.013714285714286,1.4915652299396205,33.866,37.8834,14
station-tongi,OCTANE,55,35.56671428571428,1.361247133419114,33.66615,37.4815,14
station-tongi,OCTANE,56,36.11342857142857,1.5830292146721412,33.997049999999994,38.2697,14
station-tongi,OCTANE,57,35.491214285714285,1.8283565204669658,32.985749999999996,38.0286,14
station-tongi,OCTANE,58,35.47085714285714,1.540514742003358,33.41455,37.292300000000004,14
station-tongi,OCTANE,59,34.73285714285714,1.2222975753217218,33.2006,36.37515,14
station-tongi,OCTANE,60,35.134142857142855,1.4161248780844395,33.3185,37.139,14
station-tongi,OCTANE,61,36.630785714285715,1.3256673894580524,34.4572,38.2892,14
station-tongi,OCTANE,62,35.56742857142857,1.4774588222446574,33.0844,37.537400000000005,14
station-tongi,OCTANE,63,35.18214285714286,1.7978794285380877,33.3616,37.6898,14
station-tongi,OCTANE,64,35.72792857142857,1.746167075638514,33.2388,37.9176,14
station-tongi,OCTANE,65,35.28771428571429,1.71076462565591,33.4107,38.20005,14
station-tongi,OCTANE,66,34.79685714285714,1.5257200497894985,32.75225,36.9073,14
station-tongi,OCTANE,67,36.09421428571429,1.4196359326667842,33.28805,37.65295,14
station-tongi,OCTANE,68,35.91164285714286,1.984882465310957,32.87635,38.33685,14
station-tongi,OCTANE,69,35.355000000000004,2.1379749584775114,33.172000000000004,38.30265,14
station-tongi,OCTANE,70,35.08935714285714,1.5595232312444731,32.9903,37.499900000000004,14
station-tongi,OCTANE,71,35.989714285714285,1.6878883680081302,33.886599999999994,38.275999999999996,14
station-tongi,OCTANE,72,10.356,0.4826903769498623,9.6545,11.0014,14
station-tongi,OCTANE,73,10.373642857142856,0.37805404724372776,9.83335,10.847850000000001,14
station-tongi,OCTANE,74,10.375214285714284,0.5730149922285466,9.4949,11.0527,14
station-tongi,OCTANE,75,10.12257142857143,0.45603689362994376,9.51875,10.864650000000001,14
station-tongi,OCTANE,76,10.307285714285713,0.5669731276458589,9.64,11.1264,14
station-tongi,OCTANE,77,10.480571428571428,0.2909001188051995,10.11585,10.9321,14
station-tongi,OCTANE,78,10.307500000000001,0.48361264696830697,9.54215,10.99235,14
station-tongi,OCTANE,79,10.601142857142857,0.46345008147801414,9.8575,11.0976,14
station-tongi,OCTANE,80,10.612071428571427,0.4402265962478372,9.7802,11.03845,14
station-tongi,OCTANE,81,10.356214285714286,0.5375005085609658,9.5451,11.0798,14
station-tongi,OCTANE,82,10.227428571428572,0.4807196071093211,9.6423,10.93345,14
station-tongi,OCTANE,83,10.499857142857142,0.5052335114567337,9.7541,11.058950000000001,14
station-tongi,OCTANE,84,10.391714285714286,0.44944930895339147,9.78065,11.0541,14
station-tongi,OCTANE,85,10.219785714285715,0.5107103919009328,9.60915,10.9201,14
station-tongi,OCTANE,86,10.4065,0.5270496619426353,9.68135,11.017999999999999,14
station-tongi,OCTANE,87,10.314357142857144,0.43014856237616983,9.703850000000001,10.9451,14
station-tongi,OCTANE,88,10.231285714285715,0.4305197982709931,9.6114,10.902849999999999,14
station-tongi,OCTANE,89,10.356571428571428,0.47316117180670547,9.722800000000001,11.02265,14
station-tongi,OCTANE,90,10.121714285714287,0.5021561860266536,9.531,10.7975,14
station-tongi,OCTANE,91,10.344857142857142,0.5180791233218899,9.71965,10.9731,14
station-tongi,OCTANE,92,10.370714285714286,0.5304676352878772,9.5486,11.05585,14
station-tongi,OCTANE,93,10.333571428571428,0.37709327845950874,9.96045,10.9872,14
station-tongi,OCTANE,94,10.316214285714285,0.4678716422549817,9.701699999999999,11.0915,14
station-tongi,OCTANE,95,10.401,0.40835975843328653,9.85735,11.06485,14
station-tongi,PETROL,0,21.456642857142857,0.9775286426763913,20.0622,22.67655,14
station-tongi,PETROL,1,21.17064285714286,1.0167335031774634,19.7861,22.598100000000002,14
station-tongi,PETROL,2,21.11542857142857,0.9618400406181193,19.753300000000003,22.22985,14
station-tongi,PETROL,3,20.734857142857145,1.045749040135852,19.45095,22.37355,14
station-tongi,PETROL,4,21.279714285714284,0.9935551882446745,19.84355,22.61555,14
station-tongi,PETROL,5,21.178428571428572,0.8452922766517109,19.9714,22.27015,14
station-tongi,PETROL,6,20.964714285714287,0.9293635066391015,19.5913,22.0842,14
station-tongi,PETROL,7,20.738928571428573,0.8642132450772979,19.68065,22.3002,14
station-tongi,PETROL,8,21.05185714285714,0.7716166701894701,19.8976,22.04055,14
station-tongi,PETROL,9,20.972071428571432,0.8360215735425559,19.6093,22.0127,14
station-tongi,PETROL,10,21.011714285714284,1.0644045954697596,19.628999999999998,22.53975,14
station-tongi,PETROL,11,21.180928571428574,1.0572567160989164,19.558899999999998,22.720399999999998,14
station-tongi,PETROL,12,21.599357142857144,0.8843231751017148,19.977999999999998,22.55475,14
station-tongi,PETROL,13,21.110785714285715,0.6443206533982938,20.16655,21.88215,14
station-tongi,PETROL,14,20.984,0.8722271228562849,19.814799999999998,22.2934,14
station-tongi,PETROL,15,20.47942857142857,0.9181310208399303,19.5399,22.1271,14
station-tongi,PETROL,16,21.331714285714288,0.9162921459356174,19.8105,22.3272,14
station-tongi,PETROL,17,20.909214285714285,1.2967032860635128,19.6269,22.6118,14
station-tongi,PETROL,18,20.892785714285715,1.026085779782824,19.6563,22.321649999999998,14
station-tongi,PETROL,19,21.148357142857144,0.9761140071451971,19.759149999999998,22.37735,14
station-tongi,PETROL,20,20.996357142857143,1.346714041209644,19.5412,22.7106,14
station-tongi,PETROL,21,20.792928571428572,0.9596520574815488,19.63605,22.5134,14
station-tongi,PETROL,22,21.177357142857144,1.1522373958883279,19.761950000000002,22.71525,14
station-tongi,PETROL,23,21.31514285714286,0.8199030765554282,19.87045,22.20495,14
station-tongi,PETROL,24,72.70714285714286,3.0179865131253627,68.19855,76.79265,14
station-tongi,PETROL,25,69.7335,2.9371766074032593,66.94575,74.77235,14
station-tongi,PETROL,26,72.32464285714285,3.4365179740129825,68.2373,77.99634999999999,14
station-tongi,PETROL,27,73.16835714285715,3.8057986042989076,68.23474999999999,78.1655,14
station-tongi,PETROL,28,72.172,3.5856421160812157,68.36385,78.0806,14
station-tongi,PETROL,29,73.4425,3.2615392484578143,68.83845,78.12265,14
station-tongi,PETROL,30,73.75535714285715,2.948067283626889,69.1175,77.99185,14
station-tongi,PETROL,31,72.92221428571429,2.819482772494912,69.36815,77.0986,14
station-tongi,PETROL,32,72.89957142857142,2.533442768987737,69.8028,76.837,14
station-tongi,PETROL,33,72.37492857142857,2.949594273645254,68.00875,77.1139,14
station-tongi,PETROL,34,73.45935714285714,2.9941282693643236,69.2073,77.23095,14
station-tongi,PETROL,35,73.86014285714285,2.9239125225561122,69.21755,76.67224999999999,14
station-tongi,PETROL,36,73.94392857142857,3.115348615244445,68.83624999999999,77.9274,14
station-tongi,PETROL,37,71.44371428571428,3.8238221802189063,67.19149999999999,77.19550000000001,14
station-tongi,PETROL,38,71.99942857142857,3.024991003528535,68.43395,76.74265,14
station-tongi,PETROL,39,72.71135714285715,2.8920429459292096,68.5224,76.9452,14
station-tongi,PETROL,40,73.86271428571429,3.290215481102711,67.88305,77.96525,14
station-tongi,PETROL,41,71.00071428571428,3.4078563175871572,67.72345,77.1071,14
station-tongi,PETROL,42,71.236,2.695547211463896,67.39150000000001,75.14110000000001,14
station-tongi,PETROL,43,73.20828571428571,2.9531804870361364,68.5218,77.03395,14
station-tongi,PETROL,44,72.82557142857142,3.623485693559253,67.94995,77.93124999999999,14
station-tongi,PETROL,45,72.06378571428571,3.576205599376383,67.3734,77.07485,14
station-tongi,PETROL,46,72.82692857142857,3.3975596098078724,68.4443,77.5207,14
station-tongi,PETROL,47,73.64442857142856,3.8664295339058405,67.96815,77.7283,14
station-tongi,PETROL,48,73.32935714285715,3.4329844519386836,67.39045,77.4758,14
station-tongi,PETROL,49,73.81328571428571,2.3080982990855845,70.8237,77.23195,14
station-tongi,PETROL,50,73.11385714285714,4.102584998550264,67.8089,78.1255,14
station-tongi,PETROL,51,74.92414285714287,3.0444629400612806,70.51475,78.11395,14
station-tongi,PETROL,52,73.70364285714285,3.5321345389295273,69.0697,78.00545,14
station-tongi,PETROL,53,70.93428571428572,3.3697451040003106,67.0355,76.5022,14
station-tongi,PETROL,54,73.17821428571429,2.59028603049552,69.98815,77.85155,14
station-tongi,PETROL,55,71.68714285714286,4.735485725344872,66.88285,78.38025,14
station-tongi,PETROL,56,72.91007142857143,2.9921653971223376,68.43039999999999,76.8828,14
station-tongi,PETROL,57,73.4637857142857,3.273688091400921,68.86234999999999,78.0132,14
station-tongi,PETROL,58,71.89407142857144,3.1632901922933567,67.91135,77.5323,14
station-tongi,PETROL,59,72.22842857142857,3.421368275868718,67.96115,77.5625,14
station-tongi,PETROL,60,70.32078571428572,2.3651783532869457,67.5483,74.0329,14
station-tongi,PETROL,61,72.421,3.4307108032279006,67.78365,76.88895000000001,14
station-tongi,PETROL,62,71.06728571428572,3.5008666493745935,66.9273,75.63905,14
station-tongi,PETROL,63,71.01642857142858,2.3640946458434136,67.88785,75.006,14
station-tongi,PETROL,64,72.13685714285714,4.006816957619617,67.3442,77.92365,14
station-tongi,PETROL,65,72.17949999999999,3.777358331101044,67.71155,77.00895,14
station-tongi,PETROL,66,72.77778571428571,3.860224688131142,68.62215,78.12955000000001,14
station-tongi,PETROL,67,72.52314285714286,2.742863799785877,69.4772,77.98955000000001,14
station-tongi,PETROL,68,72.42621428571428,3.4891706129013045,67.10405,77.72755,14
station-tongi,PETROL,69,72.42928571428571,3.011682111853299,68.4985,76.6478,14
station-tongi,PETROL,70,71.92064285714285,3.5366717428231187,67.23205,77.60535,14
station-tongi,PETROL,71,72.53721428571428,2.8952056969190516,68.43585,76.3766,14
station-tongi,PETROL,72,21.290857142857142,0.9034983169830527,19.816550000000003,22.4303,14
station-tongi,PETROL,73,21.22471428571429,0.9642160170172073,19.9821,22.6332,14
station-tongi,PETROL,74,21.139142857142854,1.1203416963067643,19.781,22.62,14
station-tongi,PETROL,75,21.40957142857143,0.9259435698278242,19.7692,22.405,14
station-tongi,PETROL,76,20.927214285714285,0.968246486304886,19.738,22.37875,14
station-tongi,PETROL,77,21.128285714285713,0.8471266755306455,19.7575,22.30775,14
station-tongi,PETROL,78,20.627214285714285,0.9572701715391954,19.55055,22.112550000000002,14
station-tongi,PETROL,79,20.72292857142857,0.8585548201022913,19.716250000000002,21.975649999999998,14
station-tongi,PETROL,80,21.239285714285717,1.0228424518559451,20.01955,22.63705,14
station-tongi,PETROL,81,20.801142857142857,0.9646405354521252,19.44945,22.04315,14
station-tongi,PETROL,82,20.959642857142857,0.990930456858437,19.7243,22.391750000000002,14
station-tongi,PETROL,83,21.386142857142858,1.058027908396113,19.718,22.678150000000002,14
station-tongi,PETROL,84,21.286357142857145,0.8327244079288414,20.16125,22.43915,14
station-tongi,PETROL,85,21.170785714285717,1.1572396320270328,19.6192,22.6397,14
station-tongi,PETROL,86,20.785571428571426,1.0139304872460606,19.74285,22.47755,14
station-tongi,PETROL,87,21.1195,1.2156995928271093,19.65175,22.6621,14
station-tongi,PETROL,88,20.982857142857142,1.2331745061577306,19.51035,22.5742,14
station-tongi,PETROL,89,20.6115,0.956603104740937,19.5478,22.2257,14
station-tongi,PETROL,90,21.18957142857143,1.174712319236941,19.54805,22.619500000000002,14
station-tongi,PETROL,91,20.643285714285717,0.7188364988562504,19.62115,21.4328,14
station-tongi,PETROL,92,20.9715,0.739312024270382,19.93565,22.21085,14
station-tongi,PETROL,93,21.03985714285714,0.7387757916510737,20.294999999999998,22.27115,14
station-tongi,PETROL,94,21.252142857142854,0.8215169699209699,19.876600000000003,22.2899,14
station-tongi,PETROL,95,20.853785714285713,0.8814955105755417,19.6768,22.1918,14
