day_index,station_id,fuel_type,demand_liters,served_liters,unmet_liters
0,station-coxsbazar,DIESEL,7750.913,7500.0,250.913
0,station-coxsbazar,OCTANE,3876.908,3876.908,0.0
0,station-coxsbazar,PETROL,8321.749,7500.0,821.749
0,station-karnaphuli,DIESEL,11110.309,8500.0,2610.309
0,station-karnaphuli,OCTANE,6530.004,5200.0,1330.0040000000001
0,station-karnaphuli,PETROL,11475.161,9500.0,1975.161
0,station-mirpur,DIESEL,8022.298,8022.298,0.0
0,station-mirpur,OCTANE,5320.3460000000005,5000.0,320.346
0,station-mirpur,PETROL,9933.499,9000.0,933.499
0,station-tongi,DIESEL,14002.867,11000.0,3002.867
0,station-tongi,OCTANE,2206.61,2206.61,0.0
0,station-tongi,PETROL,4503.294,4503.294,0.0
1,station-coxsbazar,DIESEL,7849.741,0.0,7849.741
1,station-coxsbazar,OCTANE,3885.139,323.092,3562.047
1,station-coxsbazar,PETROL,8196.509,0.0,8196.509
1,station-karnaphuli,DIESEL,10981.282,0.0,10981.282
1,station-karnaphuli,OCTANE,6528.539,0.0,6528.539
1,station-karnaphuli,PETROL,11603.684,0.0,11603.684
1,station-mirpur,DIESEL,8143.031,977.702,7165.329
1,station-mirpur,OCTANE,5317.712,0.0,5317.712
1,station-mirpur,PETROL,10024.259,0.0,10024.259
1,station-tongi,DIESEL,14052.899,0.0,14052.899
1,station-tongi,OCTANE,2216.792,1293.39,923.402
1,station-tongi,PETROL,4498.57,1496.706,3001.864
2,station-coxsbazar,DIESEL,7848.72,0.0,7848.72
2,station-coxsbazar,OCTANE,3848.218,0.0,3848.218
2,station-coxsbazar,PETROL,8081.458,0.0,8081.458
2,station-karnaphuli,DIESEL,11033.03,0.0,11033.03
2,station-karnaphuli,OCTANE,6524.283,0.0,6524.283
2,station-karnaphuli,PETROL,11790.864,0.0,11790.864
2,station-mirpur,DIESEL,8149.912,0.0,8149.912
2,station-mirpur,OCTANE,5261.867,0.0,5261.867
2,station-mirpur,PETROL,9939.283,0.0,9939.283
2,station-tongi,DIESEL,13974.689,0.0,13974.689
2,station-tongi,OCTANE,2222.974,0.0,2222.974
2,station-tongi,PETROL,4458.544,0.0,4458.544
3,station-coxsbazar,DIESEL,7866.981,0.0,7866.981
3,station-coxsbazar,OCTANE,3909.206,0.0,3909.206
3,station-coxsbazar,PETROL,8184.522,0.0,8184.522
3,station-karnaphuli,DIESEL,10869.393,0.0,10869.393
3,station-karnaphuli,OCTANE,6522.943,0.0,6522.943
3,station-karnaphuli,PETROL,11404.134,0.0,11404.134
3,station-mirpur,DIESEL,8067.144,0.0,8067.144
3,station-mirpur,OCTANE,5306.998,0.0,5306.998
3,station-mirpur,PETROL,9850.747,0.0,9850.747
3,station-tongi,DIESEL,13962.949999999999,0.0,13962.949999999999
3,station-tongi,OCTANE,2189.955,0.0,2189.955
3,station-tongi,PETROL,4477.372,0.0,4477.372
4,station-coxsbazar,DIESEL,7725.982,0.0,7725.982
4,station-coxsbazar,OCTANE,3875.292,0.0,3875.292
4,station-coxsbazar,PETROL,8193.544,0.0,8193.544
4,station-karnaphuli,DIESEL,11221.74,0.0,11221.74
4,station-karnaphuli,OCTANE,6568.098,0.0,6568.098
4,station-karnaphuli,PETROL,11647.967,0.0,11647.967
4,station-mirpur,DIESEL,8040.137,0.0,8040.137
4,station-mirpur,OCTANE,5234.097,0.0,5234.097
4,station-mirpur,PETROL,9909.44,0.0,9909.44
4,station-tongi,DIESEL,13931.475,0.0,13931.475
4,station-tongi,OCTANE,2208.044,0.0,2208.044
4,station-tongi,PETROL,4492.719,0.0,4492.719
5,station-coxsbazar,DIESEL,7813.149,0.0,7813.149
5,station-coxsbazar,OCTANE,3870.347,0.0,3870.347
5,station-coxsbazar,PETROL,8204.109,0.0,8204.109
5,station-karnaphuli,DIESEL,10993.05,0.0,10993.05
5,station-karnaphuli,OCTANE,6656.722,0.0,6656.722
5,station-karnaphuli,PETROL,11634.19,0.0,11634.19
5,station-mirpur,DIESEL,8168.818,0.0,8168.818
5,station-mirpur,OCTANE,5364.918,0.0,5364.918
5,station-mirpur,PETROL,10114.028,0.0,10114.028
5,station-tongi,DIESEL,13980.089,0.0,13980.089
5,station-tongi,OCTANE,2185.932,0.0,2185.932
5,station-tongi,PETROL,4444.823,0.0,4444.823
6,station-coxsbazar,DIESEL,7775.72,0.0,7775.72
6,station-coxsbazar,OCTANE,3864.912,0.0,3864.912
6,station-coxsbazar,PETROL,8263.738,0.0,8263.738
6,station-karnaphuli,DIESEL,10923.975,0.0,10923.975
6,station-karnaphuli,OCTANE,6488.81,0.0,6488.81
6,station-karnaphuli,PETROL,11451.435,0.0,11451.435
6,station-mirpur,DIESEL,8076.045,0.0,8076.045
6,station-mirpur,OCTANE,5351.943,0.0,5351.943
6,station-mirpur,PETROL,9956.322,0.0,9956.322
6,station-tongi,DIESEL,13891.37,0.0,13891.37
6,station-tongi,OCTANE,2180.853,0.0,2180.853
6,station-tongi,PETROL,4511.64,0.0,4511.64
7,station-coxsbazar,DIESEL,7822.6630000000005,0.0,7822.6630000000005
7,station-coxsbazar,OCTANE,3892.891,0.0,3892.891
7,station-coxsbazar,PETROL,8275.459,0.0,8275.459
7,station-karnaphuli,DIESEL,10925.981,0.0,10925.981
7,station-karnaphuli,OCTANE,6483.56,0.0,6483.56
7,station-karnaphuli,PETROL,11475.031,0.0,11475.031
7,station-mirpur,DIESEL,8122.13,0.0,8122.13
7,station-mirpur,OCTANE,5309.516,0.0,5309.516
7,station-mirpur,PETROL,10052.351,0.0,10052.351
7,station-tongi,DIESEL,13989.695,0.0,13989.695
7,station-tongi,OCTANE,2209.464,0.0,2209.464
7,station-tongi,PETROL,4485.374,0.0,4485.374
8,station-coxsbazar,DIESEL,7775.402,0.0,7775.402
8,station-coxsbazar,OCTANE,3891.221,0.0,3891.221
8,station-coxsbazar,PETROL,8236.408,0.0,8236.408
8,station-karnaphuli,DIESEL,11141.9,0.0,11141.9
8,station-karnaphuli,OCTANE,6637.754,0.0,6637.754
8,station-karnaphuli,PETROL,11447.169,0.0,11447.169
8,station-mirpur,DIESEL,7946.984,0.0,7946.984
8,station-mirpur,OCTANE,5329.954,0.0,5329.954
8,station-mirpur,PETROL,9898.748,0.0,9898.748
8,station-tongi,DIESEL,13970.23,0.0,13970.23
8,station-tongi,OCTANE,2200.825,0.0,2200.825
8,station-tongi,PETROL,4509.954,0.0,4509.954
9,station-coxsbazar,DIESEL,7797.341,0.0,7797.341
9,station-coxsbazar,OCTANE,3894.454,0.0,3894.454
9,station-coxsbazar,PETROL,8183.899,0.0,8183.899
9,station-karnaphuli,DIESEL,11132.64,0.0,11132.64
9,station-karnaphuli,OCTANE,6415.64,0.0,6415.64
9,station-karnaphuli,PETROL,11590.471,0.0,11590.471
9,station-mirpur,DIESEL,8068.439,0.0,8068.439
9,station-mirpur,OCTANE,5288.226,0.0,5288.226
9,station-mirpur,PETROL,9937.313,0.0,9937.313
9,station-tongi,DIESEL,14056.725,0.0,14056.725
9,station-tongi,OCTANE,2194.579,0.0,2194.579
9,station-tongi,PETROL,4527.797,0.0,4527.797
10,station-coxsbazar,DIESEL,7776.891,0.0,7776.891
10,station-coxsbazar,OCTANE,3891.224,0.0,3891.224
10,station-coxsbazar,PETROL,8248.568,0.0,8248.568
10,station-karnaphuli,DIESEL,10965.005,0.0,10965.005
10,station-karnaphuli,OCTANE,6428.859,0.0,6428.859
10,station-karnaphuli,PETROL,11748.166,0.0,11748.166
10,station-mirpur,DIESEL,8155.667,0.0,8155.667
10,station-mirpur,OCTANE,5310.39,0.0,5310.39
10,station-mirpur,PETROL,9927.215,0.0,9927.215
10,station-tongi,DIESEL,14054.555,0.0,14054.555
10,station-tongi,OCTANE,2202.058,0.0,2202.058
10,station-tongi,PETROL,4533.696,0.0,4533.696
11,station-coxsbazar,DIESEL,7862.483,0.0,7862.483
11,station-coxsbazar,OCTANE,3899.376,0.0,3899.376
11,station-coxsbazar,PETROL,8129.588,0.0,8129.588
11,station-karnaphuli,DIESEL,11118.177,0.0,11118.177
11,station-karnaphuli,OCTANE,6541.149,0.0,6541.149
11,station-karnaphuli,PETROL,11533.083,0.0,11533.083
11,station-mirpur,DIESEL,8082.919,0.0,8082.919
11,station-mirpur,OCTANE,5303.32,0.0,5303.32
11,station-mirpur,PETROL,9788.764,0.0,9788.764
11,station-tongi,DIESEL,14029.061,0.0,14029.061
11,station-tongi,OCTANE,2202.826,0.0,2202.826
11,station-tongi,PETROL,4465.949,0.0,4465.949
12,station-coxsbazar,DIESEL,7812.68,0.0,7812.68
12,station-coxsbazar,OCTANE,3894.219,0.0,3894.219
12,station-coxsbazar,PETROL,8221.636,0.0,8221.636
12,station-karnaphuli,DIESEL,11032.158,0.0,11032.158
12,station-karnaphuli,OCTANE,6534.691,0.0,6534.691
12,station-karnaphuli,PETROL,11542.876,0.0,11542.876
12,station-mirpur,DIESEL,8096.906,0.0,8096.906
12,station-mirpur,OCTANE,5279.757,0.0,5279.757
12,station-mirpur,PETROL,10012.308,0.0,10012.308
12,station-tongi,DIESEL,13952.495,0.0,13952.495
12,station-tongi,OCTANE,2198.725,0.0,2198.725
12,station-tongi,PETROL,4460.54,0.0,4460.54
13,station-coxsbazar,DIESEL,7782.701,0.0,7782.701
13,station-coxsbazar,OCTANE,3870.042,0.0,3870.042
13,station-coxsbazar,PETROL,8223.878,0.0,8223.878
13,station-karnaphuli,DIESEL,10969.725,0.0,10969.725
13,station-karnaphuli,OCTANE,6527.108,0.0,6527.108
13,station-karnaphuli,PETROL,11611.519,0.0,11611.519
13,station-mirpur,DIESEL,8101.336,0.0,8101.336
13,station-mirpur,OCTANE,5344.246,0.0,5344.246
13,station-mirpur,PETROL,10047.438,0.0,10047.438
13,station-tongi,DIESEL,14019.097,0.0,14019.097
13,station-tongi,OCTANE,2207.385,0.0,2207.385
13,station-tongi,PETROL,4530.037,0.0,4530.037
14,station-coxsbazar,DIESEL,7760.244,0.0,7760.244
14,station-coxsbazar,OCTANE,3875.905,0.0,3875.905
14,station-coxsbazar,PETROL,8229.23,0.0,8229.23
14,station-karnaphuli,DIESEL,10947.438,0.0,10947.438
14,station-karnaphuli,OCTANE,6558.487,0.0,6558.487
14,station-karnaphuli,PETROL,11375.813,0.0,11375.813
14,station-mirpur,DIESEL,8054.234,0.0,8054.234
14,station-mirpur,OCTANE,5341.313,0.0,5341.313
14,station-mirpur,PETROL,10089.316,0.0,10089.316
14,station-tongi,DIESEL,13875.02,0.0,13875.02
14,station-tongi,OCTANE,2177.669,0.0,2177.669
14,station-tongi,PETROL,4524.493,0.0,4524.493
15,station-coxsbazar,DIESEL,7739.429,0.0,7739.429
15,station-coxsbazar,OCTANE,3863.185,0.0,3863.185
15,station-coxsbazar,PETROL,8207.625,0.0,8207.625
15,station-karnaphuli,DIESEL,11154.624,0.0,11154.624
15,station-karnaphuli,OCTANE,6529.428,0.0,6529.428
15,station-karnaphuli,PETROL,11595.165,0.0,11595.165
15,station-mirpur,DIESEL,8105.884,0.0,8105.884
15,station-mirpur,OCTANE,5332.608,0.0,5332.608
15,station-mirpur,PETROL,9978.219000000001,0.0,9978.219000000001
15,station-tongi,DIESEL,14039.17,0.0,14039.17
15,station-tongi,OCTANE,2197.666,0.0,2197.666
15,station-tongi,PETROL,4489.44,0.0,4489.44
16,station-coxsbazar,DIESEL,7753.898,0.0,7753.898
16,station-coxsbazar,OCTANE,3858.628,0.0,3858.628
16,station-coxsbazar,PETROL,8206.595,0.0,8206.595
16,station-karnaphuli,DIESEL,11136.951000000001,0.0,11136.951000000001
16,station-karnaphuli,OCTANE,6479.873,0.0,6479.873
16,station-karnaphuli,PETROL,11823.6,0.0,11823.6
16,station-mirpur,DIESEL,8065.797,0.0,8065.797
16,station-mirpur,OCTANE,5348.71,0.0,5348.71
16,station-mirpur,PETROL,9958.23,0.0,9958.23
16,station-tongi,DIESEL,13958.302,0.0,13958.302
16,station-tongi,OCTANE,2185.468,0.0,2185.468
16,station-tongi,PETROL,4497.015,0.0,4497.015
17,station-coxsbazar,DIESEL,7765.827,0.0,7765.827
17,station-coxsbazar,OCTANE,3898.0099999999998,0.0,3898.0099999999998
17,station-coxsbazar,PETROL,8192.171,0.0,8192.171
17,station-karnaphuli,DIESEL,10995.571,0.0,10995.571
17,station-karnaphuli,OCTANE,6535.729,0.0,6535.729
17,station-karnaphuli,PETROL,11549.084,0.0,11549.084
17,station-mirpur,DIESEL,8016.146,0.0,8016.146
17,station-mirpur,OCTANE,5375.346,0.0,5375.346
17,station-mirpur,PETROL,9949.081,0.0,9949.081
17,station-tongi,DIESEL,13867.899,0.0,13867.899
17,station-tongi,OCTANE,2215.369,0.0,2215.369
17,station-tongi,PETROL,4511.596,0.0,4511.596
18,station-coxsbazar,DIESEL,7783.981,0.0,7783.981
18,station-coxsbazar,OCTANE,3850.754,0.0,3850.754
18,station-coxsbazar,PETROL,8297.844,0.0,8297.844
18,station-karnaphuli,DIESEL,10963.016,0.0,10963.016
18,station-karnaphuli,OCTANE,6555.156,0.0,6555.156
18,station-karnaphuli,PETROL,11499.279,0.0,11499.279
18,station-mirpur,DIESEL,8126.898,0.0,8126.898
18,station-mirpur,OCTANE,5368.263,0.0,5368.263
18,station-mirpur,PETROL,9959.436,0.0,9959.436
18,station-tongi,DIESEL,14052.032,0.0,14052.032
18,station-tongi,OCTANE,2219.292,0.0,2219.292
18,station-tongi,PETROL,4519.89,0.0,4519.89
19,station-coxsbazar,DIESEL,7751.4310000000005,0.0,7751.4310000000005
19,station-coxsbazar,OCTANE,3859.869,0.0,3859.869
19,station-coxsbazar,PETROL,8274.895,0.0,8274.895
19,station-karnaphuli,DIESEL,11049.893,0.0,11049.893
19,station-karnaphuli,OCTANE,6579.266,0.0,6579.266
19,station-karnaphuli,PETROL,11614.332,0.0,11614.332
19,station-mirpur,DIESEL,8088.533,0.0,8088.533
19,station-mirpur,OCTANE,5360.023,0.0,5360.023
19,station-mirpur,PETROL,9970.072,0.0,9970.072
19,station-tongi,DIESEL,13986.469,0.0,13986.469
19,station-tongi,OCTANE,2207.429,0.0,2207.429
19,station-tongi,PETROL,4486.133,0.0,4486.133
20,station-coxsbazar,DIESEL,6718.153,0.0,6718.153
20,station-coxsbazar,OCTANE,3376.099,0.0,3376.099
20,station-coxsbazar,PETROL,7148.696,0.0,7148.696
20,station-karnaphuli,DIESEL,9335.387,0.0,9335.387
20,station-karnaphuli,OCTANE,5553.578,0.0,5553.578
20,station-karnaphuli,PETROL,9779.736,0.0,9779.736
20,station-mirpur,DIESEL,6906.39,0.0,6906.39
20,station-mirpur,OCTANE,4429.4,0.0,4429.4
20,station-mirpur,PETROL,8410.566,0.0,8410.566
20,station-tongi,DIESEL,12937.616,0.0,12937.616
20,station-tongi,OCTANE,2031.564,0.0,2031.564
20,station-tongi,PETROL,4158.249,0.0,4158.249
