id,name,region_id,status,demand_profile,demand_multiplier,fuel_type,capacity,inventory_at_export
station-mirpur,Mirpur Fuel Station,region-dhaka,OPEN,urban_high,1.0,DIESEL,15000,0
station-mirpur,Mirpur Fuel Station,region-dhaka,OPEN,urban_high,1.0,PETROL,14000,0
station-mirpur,Mirpur Fuel Station,region-dhaka,OPEN,urban_high,1.0,OCTANE,9000,0
station-tongi,Tongi Industrial Station,region-dhaka,OPEN,industrial,1.0,DIESEL,18000,0
station-tongi,Tongi Industrial Station,region-dhaka,OPEN,industrial,1.0,PETROL,9000,0
station-tongi,Tongi Industrial Station,region-dhaka,OPEN,industrial,1.0,OCTANE,6000,0
station-karnaphuli,Karnaphuli Highway Station,region-chattogram,OPEN,highway,1.0,DIESEL,14000,0
station-karnaphuli,Karnaphuli Highway Station,region-chattogram,OPEN,highway,1.0,PETROL,15000,0
station-karnaphuli,Karnaphuli Highway Station,region-chattogram,OPEN,highway,1.0,OCTANE,9000,0
station-coxsbazar,Cox's Bazar Regional Station,region-chattogram,OPEN,regional,1.0,DIESEL,12000,0
station-coxsbazar,Cox's Bazar Regional Station,region-chattogram,OPEN,regional,1.0,PETROL,12000,0
station-coxsbazar,Cox's Bazar Regional Station,region-chattogram,OPEN,regional,1.0,OCTANE,7000,0
