id,depot_id,fuel_type,quantity,planned_tick,actual_tick,status
supply-001,depot-gazipur,DIESEL,18000.0,12,12,ARRIVED
supply-003,depot-patiya,DIESEL,16000.0,14,14,ARRIVED
supply-002,depot-gazipur,PETROL,14000.0,16,16,ARRIVED
supply-004,depot-patiya,OCTANE,9000.0,20,20,ARRIVED
supply-101,depot-gazipur,DIESEL,12000.0,64,64,ARRIVED
supply-102,depot-gazipur,PETROL,10000.0,68,68,ARRIVED
supply-103,depot-gazipur,OCTANE,7000.0,72,72,ARRIVED
supply-104,depot-patiya,DIESEL,10000.0,76,76,ARRIVED
supply-105,depot-patiya,PETROL,8000.0,80,80,ARRIVED
supply-106,depot-patiya,OCTANE,6000.0,84,84,ARRIVED
supply-201,depot-gazipur,DIESEL,12000.0,128,128,ARRIVED
supply-202,depot-gazipur,PETROL,10000.0,132,132,ARRIVED
supply-203,depot-gazipur,OCTANE,7000.0,136,136,ARRIVED
supply-204,depot-patiya,DIESEL,10000.0,140,140,ARRIVED
supply-205,depot-patiya,PETROL,8000.0,144,144,ARRIVED
supply-206,depot-patiya,OCTANE,6000.0,148,148,ARRIVED
supply-301,depot-gazipur,DIESEL,12000.0,192,192,ARRIVED
supply-302,depot-gazipur,PETROL,10000.0,196,196,ARRIVED
supply-303,depot-gazipur,OCTANE,7000.0,200,200,ARRIVED
supply-304,depot-patiya,DIESEL,10000.0,204,204,ARRIVED
supply-305,depot-patiya,PETROL,8000.0,208,208,ARRIVED
supply-306,depot-patiya,OCTANE,6000.0,212,212,ARRIVED
